x,y,z,dyn_prop,id,rcs,vx,vy,vx_comp,vy_comp,is_quality_valid,ambig_state,x_rms,y_rms,invalid_state,pdh0,vx_rms,vy_rms
15.600000381469727,2.0999999046325684,0.0,0.0,0.0,1.0,1.75,0.0,0.36843979358673096,0.049597661942243576,1.0,3.0,19.0,19.0,0.0,1.0,16.0,3.0
52.599998474121094,24.299999237060547,0.0,0.0,1.0,5.5,6.0,0.0,0.45418667793273926,0.209823876619339,1.0,1.0,19.0,20.0,0.0,1.0,16.0,3.0
55.0,42.5,0.0,0.0,2.0,4.5,9.75,0.0,0.27165165543556213,0.20991262793540955,1.0,1.0,20.0,21.0,0.0,1.0,17.0,3.0
