x,y,z,dyn_prop,id,rcs,vx,vy,vx_comp,vy_comp,is_quality_valid,ambig_state,x_rms,y_rms,invalid_state,pdh0,vx_rms,vy_rms
16.200000762939453,1.100000023841858,0.0,0.0,0.0,0.5,0.75,0.5,0.24614523351192474,0.016713563352823257,1.0,3.0,19.0,19.0,0.0,1.0,16.0,3.0
15.800000190734863,-2.9000000953674316,0.0,4.0,1.0,2.0,0.0,0.0,2.5408153533935547,-0.4663521945476532,1.0,0.0,0.0,0.0,7.0,6.0,0.0,0.0
16.0,-2.9000000953674316,0.0,4.0,2.0,3.0,0.0,0.0,2.5149312019348145,-0.45583128929138184,1.0,0.0,0.0,0.0,7.0,6.0,0.0,0.0
16.200000762939453,-2.700000047683716,0.0,4.0,3.0,-2.0,0.0,0.0,2.3488519191741943,-0.39147526025772095,1.0,0.0,0.0,0.0,7.0,6.0,0.0,0.0
