x,y,z,dyn_prop,id,rcs,vx,vy,vx_comp,vy_comp,is_quality_valid,ambig_state,x_rms,y_rms,invalid_state,pdh0,vx_rms,vy_rms
2.799999952316284,10.5,0.0,4.0,0.0,8.5,0.0,0.0,-3.1107399463653564,-11.66527271270752,1.0,0.0,0.0,0.0,7.0,6.0,0.0,0.0
16.200000762939453,0.699999988079071,0.0,0.0,1.0,4.5,0.5,0.5,0.30512017011642456,0.013184202834963799,1.0,3.0,19.0,19.0,0.0,1.0,16.0,3.0
16.0,-2.9000000953674316,0.0,4.0,2.0,3.5,0.0,0.0,2.525324583053589,-0.45771512389183044,1.0,0.0,0.0,0.0,7.0,6.0,0.0,0.0
