x,y,z,dyn_prop,id,rcs,vx,vy,vx_comp,vy_comp,is_quality_valid,ambig_state,x_rms,y_rms,invalid_state,pdh0,vx_rms,vy_rms
9.800000190734863,18.5,0.0,4.0,0.0,6.5,0.0,0.0,-4.832208156585693,-9.122025489807129,1.0,0.0,0.0,0.0,7.0,6.0,0.0,0.0
13.0,18.5,0.0,0.0,1.0,7.5,17.0,0.0,0.151245579123497,0.21523408591747284,1.0,1.0,20.0,20.0,0.0,1.0,19.0,3.0
16.600000381469727,18.299999237060547,0.0,0.0,2.0,4.5,13.0,0.0,0.1172923818230629,0.12930424511432648,1.0,1.0,19.0,19.0,0.0,1.0,18.0,3.0
17.0,19.5,0.0,0.0,3.0,-4.5,13.75,0.0,0.20745474100112915,0.2379627823829651,1.0,1.0,20.0,20.0,4.0,3.0,18.0,3.0
17.600000381469727,20.899999618530273,0.0,0.0,4.0,-1.0,14.75,0.0,0.4152771234512329,0.4931415617465973,1.0,2.0,20.0,20.0,10.0,3.0,18.0,3.0
20.0,23.899999618530273,0.0,0.0,5.0,9.0,15.25,0.0,0.5815229415893555,0.6949198246002197,1.0,1.0,19.0,19.0,10.0,3.0,18.0,3.0
24.799999237060547,-20.700000762939453,0.0,0.0,6.0,-3.5,1.0,0.0,6.618048667907715,-5.5239362716674805,1.0,1.0,20.0,20.0,4.0,3.0,17.0,3.0
44.400001525878906,24.299999237060547,0.0,0.0,7.0,1.0,6.5,0.0,0.2632139027118683,0.1440562605857849,1.0,1.0,20.0,20.0,0.0,1.0,16.0,3.0
