x,y,z,dyn_prop,id,rcs,vx,vy,vx_comp,vy_comp,is_quality_valid,ambig_state,x_rms,y_rms,invalid_state,pdh0,vx_rms,vy_rms
16.200000762939453,0.8999999761581421,0.0,0.0,0.0,6.5,0.5,0.5,0.1639121025800705,0.009106227196753025,1.0,3.0,19.0,19.0,0.0,1.0,16.0,3.0
62.20000076293945,-57.900001525878906,0.0,2.0,1.0,7.0,-12.0,0.0,0.028497198596596718,-0.02652713470160961,1.0,1.0,22.0,22.0,0.0,1.0,18.0,3.0
16.200000762939453,-2.700000047683716,0.0,4.0,2.0,-1.5,0.0,0.0,2.368069648742676,-0.3946782350540161,1.0,0.0,0.0,0.0,7.0,6.0,0.0,0.0
16.399999618530273,-2.9000000953674316,0.0,4.0,3.0,-1.0,0.0,0.0,2.4840965270996094,-0.4392610192298889,1.0,0.0,0.0,0.0,7.0,6.0,0.0,0.0
