x,y,z,dyn_prop,id,rcs,vx,vy,vx_comp,vy_comp,is_quality_valid,ambig_state,x_rms,y_rms,invalid_state,pdh0,vx_rms,vy_rms
9.800000190734863,20.299999237060547,0.0,4.0,0.0,6.5,0.0,0.0,-4.581362724304199,-9.489967346191406,1.0,0.0,0.0,0.0,7.0,6.0,0.0,0.0
13.600000381469727,20.299999237060547,0.0,0.0,1.0,0.5,18.75,0.0,0.42477715015411377,0.6340423226356506,1.0,3.0,21.0,21.0,0.0,1.0,20.0,3.0
14.0,21.700000762939453,0.0,0.0,2.0,0.0,19.75,0.0,0.4970961809158325,0.7704991698265076,1.0,2.0,20.0,20.0,0.0,1.0,20.0,3.0
17.200000762939453,19.899999618530273,0.0,0.0,3.0,4.5,14.25,0.0,0.36342284083366394,0.42047175765037537,1.0,3.0,19.0,19.0,10.0,3.0,18.0,3.0
17.399999618530273,21.299999237060547,0.0,0.0,4.0,2.0,15.25,0.0,0.421783983707428,0.5163217782974243,1.0,1.0,20.0,20.0,0.0,1.0,19.0,3.0
18.200000762939453,22.299999237060547,0.0,0.0,5.0,-3.5,15.5,0.0,0.5158750414848328,0.6320886611938477,1.0,2.0,20.0,20.0,4.0,3.0,19.0,3.0
12.399999618530273,32.5,0.0,4.0,6.0,15.5,0.0,0.0,-3.9078691005706787,-10.242401123046875,1.0,0.0,0.0,0.0,7.0,6.0,0.0,0.0
