x,y,z,dyn_prop,id,rcs,vx,vy,vx_comp,vy_comp,is_quality_valid,ambig_state,x_rms,y_rms,invalid_state,pdh0,vx_rms,vy_rms
8.199999809265137,8.899999618530273,0.0,0.0,0.0,-3.5,14.0,0.0,0.668777346611023,0.7258681058883667,1.0,2.0,19.0,19.0,10.0,3.0,18.0,3.0
9.800000190734863,21.100000381469727,0.0,4.0,1.0,3.5,0.0,0.0,-4.4707255363464355,-9.625744819641113,1.0,0.0,0.0,0.0,7.0,6.0,0.0,0.0
13.199999809265137,20.899999618530273,0.0,0.0,2.0,4.5,19.25,0.0,0.2297474443912506,0.36376672983169556,1.0,1.0,20.0,20.0,0.0,1.0,20.0,3.0
13.399999618530273,22.5,0.0,0.0,3.0,5.0,20.5,0.0,0.24109217524528503,0.40481898188591003,1.0,1.0,20.0,20.0,16.0,1.0,21.0,3.0
16.600000381469727,20.700000762939453,0.0,0.0,4.0,6.0,15.0,0.0,0.2118968814611435,0.2642328441143036,1.0,1.0,19.0,19.0,0.0,1.0,19.0,3.0
