x,y,z,dyn_prop,id,rcs,vx,vy,vx_comp,vy_comp,is_quality_valid,ambig_state,x_rms,y_rms,invalid_state,pdh0,vx_rms,vy_rms
7.199999809265137,4.300000190734863,0.0,0.0,0.0,-1.5,7.0,0.0,0.1811210662126541,0.10816953331232071,1.0,1.0,19.0,19.0,0.0,1.0,17.0,3.0
7.199999809265137,7.300000190734863,0.0,0.0,1.0,-3.5,12.25,0.0,0.2763826847076416,0.2802213430404663,1.0,1.0,19.0,19.0,0.0,1.0,18.0,3.0
8.0,10.5,0.0,0.0,2.0,-0.5,17.0,0.0,0.6514170169830322,0.8549848198890686,1.0,1.0,19.0,19.0,0.0,1.0,19.0,3.0
6.599999904632568,-11.100000381469727,0.0,2.0,3.0,-4.0,-20.0,0.0,0.06266558915376663,-0.10539212822914124,1.0,1.0,19.0,19.0,16.0,1.0,21.0,3.0
13.600000381469727,22.100000381469727,0.0,0.0,4.0,3.5,20.5,0.0,0.43183958530426025,0.7017393112182617,1.0,2.0,20.0,19.0,0.0,1.0,20.0,3.0
13.399999618530273,23.299999237060547,0.0,4.0,5.0,3.0,0.0,0.0,-5.039414882659912,-8.762564659118652,1.0,0.0,0.0,0.0,7.0,6.0,0.0,0.0
