x,y,z,dyn_prop,id,rcs,vx,vy,vx_comp,vy_comp,is_quality_valid,ambig_state,x_rms,y_rms,invalid_state,pdh0,vx_rms,vy_rms
7.199999809265137,5.099999904632568,0.0,0.0,0.0,-3.5,8.5,0.0,0.2878062129020691,0.203862726688385,1.0,1.0,19.0,19.0,0.0,1.0,17.0,3.0
7.199999809265137,8.100000381469727,0.0,0.0,1.0,-4.0,13.75,0.0,0.3302420377731323,0.37152233719825745,1.0,1.0,19.0,19.0,0.0,1.0,18.0,3.0
9.600000381469727,23.100000381469727,0.0,4.0,2.0,4.0,0.0,0.0,-4.149291515350342,-9.984230995178223,1.0,0.0,0.0,0.0,7.0,6.0,0.0,0.0
11.399999618530273,-23.700000762939453,0.0,4.0,3.0,6.5,0.0,0.0,4.685827732086182,-9.74159049987793,1.0,0.0,0.0,0.0,7.0,6.0,0.0,0.0
13.199999809265137,24.299999237060547,0.0,4.0,4.0,3.0,0.0,0.0,-4.893955230712891,-9.009325981140137,1.0,0.0,0.0,0.0,7.0,6.0,0.0,0.0
12.399999618530273,35.099998474121094,0.0,4.0,5.0,16.0,0.0,0.0,-3.6836812496185303,-10.427194595336914,1.0,0.0,0.0,0.0,7.0,6.0,0.0,0.0
