x,y,z,dyn_prop,id,rcs,vx,vy,vx_comp,vy_comp,is_quality_valid,ambig_state,x_rms,y_rms,invalid_state,pdh0,vx_rms,vy_rms
7.199999809265137,0.10000000149011612,0.0,1.0,0.0,3.0,0.0,0.0,0.16298452019691467,0.002263674046844244,1.0,3.0,19.0,19.0,0.0,1.0,16.0,3.0
10.0,23.700000762939453,0.0,4.0,1.0,2.5,0.0,0.0,-4.1919989585876465,-9.935039520263672,1.0,0.0,0.0,0.0,7.0,6.0,0.0,0.0
