x,y,z,dyn_prop,id,rcs,vx,vy,vx_comp,vy_comp,is_quality_valid,ambig_state,x_rms,y_rms,invalid_state,pdh0,vx_rms,vy_rms
16.200000762939453,-12.699999809265137,0.0,2.0,0.0,-4.5,-9.75,0.0,-0.09056061506271362,0.0709950402379036,1.0,1.0,19.0,19.0,4.0,3.0,17.0,3.0
9.199999809265137,24.899999618530273,0.0,4.0,1.0,5.5,0.0,0.0,-3.814899206161499,-10.32511043548584,1.0,0.0,0.0,0.0,7.0,6.0,0.0,0.0
