x,y,z,dyn_prop,id,rcs,vx,vy,vx_comp,vy_comp,is_quality_valid,ambig_state,x_rms,y_rms,invalid_state,pdh0,vx_rms,vy_rms
1.0,3.700000047683716,0.0,4.0,0.0,9.0,0.0,0.0,-2.9650380611419678,-10.970638275146484,1.0,0.0,0.0,0.0,7.0,6.0,0.0,0.0
7.0,-1.2999999523162842,0.0,2.0,1.0,-4.0,-2.25,0.0,0.25859686732292175,-0.04802513122558594,1.0,2.0,19.0,19.0,0.0,1.0,16.0,3.0
7.0,0.10000000149011612,0.0,1.0,2.0,-1.5,0.0,0.0,0.14603446424007416,0.002086206804960966,1.0,3.0,21.0,19.0,8.0,6.0,16.0,3.0
