x,y,z,dyn_prop,id,rcs,vx,vy,vx_comp,vy_comp,is_quality_valid,ambig_state,x_rms,y_rms,invalid_state,pdh0,vx_rms,vy_rms
7.199999809265137,13.300000190734863,0.0,4.0,0.0,-4.5,0.0,0.0,-4.890356540679932,-9.033576011657715,1.0,0.0,0.0,0.0,7.0,6.0,0.0,0.0
9.399999618530273,26.700000762939453,0.0,4.0,1.0,6.0,0.0,0.0,-3.67777419090271,-10.446446418762207,1.0,0.0,0.0,0.0,7.0,6.0,0.0,0.0
