x,y,z,dyn_prop,id,rcs,vx,vy,vx_comp,vy_comp,is_quality_valid,ambig_state,x_rms,y_rms,invalid_state,pdh0,vx_rms,vy_rms
8.0,12.5,0.0,0.0,0.0,0.5,20.75,0.0,0.7377830147743225,1.1527857780456543,1.0,2.0,19.0,19.0,0.0,1.0,20.0,3.0
7.599999904632568,15.100000381469727,0.0,4.0,1.0,-2.5,0.0,0.0,-4.69795560836792,-9.334096908569336,1.0,0.0,0.0,0.0,7.0,6.0,0.0,0.0
13.399999618530273,28.700000762939453,0.0,4.0,2.0,6.0,0.0,0.0,-4.488936424255371,-9.614364624023438,1.0,0.0,0.0,0.0,7.0,6.0,0.0,0.0
35.599998474121094,-12.899999618530273,0.0,2.0,3.0,-4.0,-4.5,0.0,0.10274545103311539,-0.03723079338669777,1.0,1.0,20.0,20.0,4.0,3.0,16.0,3.0
