x,y,z,dyn_prop,id,rcs,vx,vy,vx_comp,vy_comp,is_quality_valid,ambig_state,x_rms,y_rms,invalid_state,pdh0,vx_rms,vy_rms
16.399999618530273,0.8999999761581421,0.0,0.0,0.0,2.5,0.5,0.5,0.16715358197689056,0.00917306262999773,1.0,3.0,19.0,19.0,0.0,1.0,16.0,3.0
75.0,-31.899999618530273,0.0,2.0,1.0,0.5,-5.75,0.0,-0.051438041031360626,0.021878313273191452,1.0,1.0,21.0,22.0,0.0,1.0,16.0,3.0
16.0,-3.0999999046325684,0.0,4.0,2.0,1.0,0.0,0.0,2.6717934608459473,-0.5176599025726318,1.0,0.0,0.0,0.0,7.0,6.0,0.0,0.0
16.200000762939453,-2.9000000953674316,0.0,4.0,3.0,-2.5,0.0,0.0,2.5061352252960205,-0.44862914085388184,1.0,0.0,0.0,0.0,7.0,6.0,0.0,0.0
