x,y,z,dyn_prop,id,rcs,vx,vy,vx_comp,vy_comp,is_quality_valid,ambig_state,x_rms,y_rms,invalid_state,pdh0,vx_rms,vy_rms
54.79999923706055,5.5,0.0,0.0,0.0,-5.0,1.0,0.0,0.13290411233901978,0.01333891786634922,1.0,1.0,19.0,20.0,4.0,3.0,16.0,3.0
70.4000015258789,11.5,0.0,4.0,1.0,-2.5,0.0,0.0,-1.5693649053573608,-0.2563593089580536,1.0,0.0,0.0,0.0,7.0,6.0,0.0,0.0
