x,y,z,dyn_prop,id,rcs,vx,vy,vx_comp,vy_comp,is_quality_valid,ambig_state,x_rms,y_rms,invalid_state,pdh0,vx_rms,vy_rms
7.599999904632568,19.899999618530273,0.0,4.0,0.0,2.5,0.0,0.0,-3.903785228729248,-10.221752166748047,1.0,0.0,0.0,0.0,7.0,6.0,0.0,0.0
37.0,10.699999809265137,0.0,0.0,1.0,-5.0,3.5,0.0,0.37505534291267395,0.10846195369958878,1.0,1.0,19.0,19.0,4.0,3.0,16.0,3.0
40.20000076293945,10.699999809265137,0.0,0.0,2.0,-4.5,3.0,0.0,0.16710986196994781,0.04447948560118675,1.0,1.0,20.0,20.0,11.0,3.0,16.0,3.0
40.599998474121094,10.5,0.0,0.0,3.0,-3.0,3.25,0.0,0.48581841588020325,0.12564270198345184,1.0,1.0,19.0,20.0,4.0,3.0,16.0,3.0
