x,y,z,dyn_prop,id,rcs,vx,vy,vx_comp,vy_comp,is_quality_valid,ambig_state,x_rms,y_rms,invalid_state,pdh0,vx_rms,vy_rms
6.599999904632568,19.700000762939453,0.0,4.0,0.0,4.5,0.0,0.0,-3.5257914066314697,-10.523956298828125,1.0,0.0,0.0,0.0,7.0,6.0,0.0,0.0
35.20000076293945,-19.899999618530273,0.0,2.0,1.0,-4.0,-6.75,0.0,0.1878127157688141,-0.10617820918560028,1.0,1.0,19.0,19.0,4.0,3.0,17.0,3.0
40.79999923706055,-22.700000762939453,0.0,2.0,2.0,7.0,-6.75,0.0,0.10836000740528107,-0.06028853356838226,1.0,1.0,19.0,19.0,0.0,1.0,16.0,3.0
