x,y,z,dyn_prop,id,rcs,vx,vy,vx_comp,vy_comp,is_quality_valid,ambig_state,x_rms,y_rms,invalid_state,pdh0,vx_rms,vy_rms
6.599999904632568,0.30000001192092896,0.0,1.0,0.0,-2.5,0.5,0.0,0.29636916518211365,0.013471325859427452,1.0,3.0,19.0,19.0,0.0,1.0,16.0,3.0
96.19999694824219,14.300000190734863,0.0,0.0,1.0,-0.5,1.75,0.0,0.3216726779937744,0.047816213220357895,1.0,1.0,20.0,22.0,4.0,3.0,16.0,3.0
99.4000015258789,13.699999809265137,0.0,0.0,2.0,1.5,1.75,0.0,0.44801926612854004,0.061749137938022614,1.0,1.0,20.0,22.0,15.0,1.0,16.0,3.0
