x,y,z,dyn_prop,id,rcs,vx,vy,vx_comp,vy_comp,is_quality_valid,ambig_state,x_rms,y_rms,invalid_state,pdh0,vx_rms,vy_rms
4.199999809265137,-11.100000381469727,0.0,4.0,0.0,1.0,0.0,0.0,4.215697288513184,-11.141486167907715,1.0,0.0,0.0,0.0,7.0,6.0,0.0,0.0
16.399999618530273,0.8999999761581421,0.0,0.0,1.0,0.0,0.75,0.25,0.3989855647087097,0.021895548328757286,1.0,3.0,19.0,19.0,0.0,1.0,16.0,3.0
16.399999618530273,0.5,0.0,1.0,2.0,-4.0,0.25,0.25,0.20151875913143158,0.006143864709883928,1.0,3.0,19.0,19.0,0.0,1.0,16.0,3.0
16.200000762939453,-2.700000047683716,0.0,4.0,3.0,-2.0,0.0,0.0,2.364957571029663,-0.39415955543518066,1.0,0.0,0.0,0.0,7.0,6.0,0.0,0.0
16.200000762939453,-2.9000000953674316,0.0,4.0,4.0,-3.5,0.0,0.0,2.5060508251190186,-0.4486140310764313,1.0,0.0,0.0,0.0,7.0,6.0,0.0,0.0
