x,y,z,dyn_prop,id,rcs,vx,vy,vx_comp,vy_comp,is_quality_valid,ambig_state,x_rms,y_rms,invalid_state,pdh0,vx_rms,vy_rms
28.799999237060547,22.100000381469727,0.0,0.0,0.0,-4.0,11.0,0.0,1.4199557304382324,1.0896188020706177,1.0,1.0,20.0,20.0,4.0,3.0,17.0,3.0
70.4000015258789,-49.900001525878906,0.0,2.0,1.0,5.5,-8.5,0.0,0.1468641459941864,-0.10409830510616302,1.0,1.0,21.0,22.0,0.0,1.0,17.0,3.0
72.0,-49.29999923706055,0.0,2.0,2.0,2.0,-8.5,0.0,-0.043772581964731216,0.029972059652209282,1.0,1.0,22.0,22.0,11.0,3.0,17.0,3.0
