x,y,z,dyn_prop,id,rcs,vx,vy,vx_comp,vy_comp,is_quality_valid,ambig_state,x_rms,y_rms,invalid_state,pdh0,vx_rms,vy_rms
6.599999904632568,0.10000000149011612,0.0,1.0,0.0,-4.5,0.25,0.0,0.40706464648246765,0.006167646497488022,1.0,3.0,19.0,19.0,0.0,1.0,16.0,3.0
23.200000762939453,25.899999618530273,0.0,0.0,1.0,-0.5,13.25,0.0,0.16569213569164276,0.184975266456604,1.0,1.0,20.0,20.0,0.0,1.0,18.0,3.0
69.80000305175781,-49.29999923706055,0.0,2.0,2.0,4.0,-8.5,0.0,0.13133029639720917,-0.09275906533002853,1.0,2.0,20.0,21.0,0.0,1.0,17.0,3.0
6.599999904632568,0.10000000149011612,0.0,1.0,3.0,-1.5,0.25,0.0,0.40706464648246765,0.006167646497488022,1.0,3.0,21.0,19.0,0.0,1.0,16.0,3.0
