x,y,z,dyn_prop,id,rcs,vx,vy,vx_comp,vy_comp,is_quality_valid,ambig_state,x_rms,y_rms,invalid_state,pdh0,vx_rms,vy_rms
2.5999999046325684,3.700000047683716,0.0,0.0,0.0,7.0,17.0,0.0,0.15965193510055542,0.22719699144363403,1.0,1.0,19.0,19.0,0.0,1.0,19.0,3.0
6.800000190734863,0.10000000149011612,0.0,1.0,1.0,-3.0,0.0,0.0,0.1571062058210373,0.002310385461896658,1.0,3.0,19.0,19.0,0.0,1.0,16.0,3.0
5.0,-12.5,0.0,4.0,2.0,0.0,0.0,0.0,4.128215789794922,-10.320540428161621,1.0,0.0,0.0,0.0,7.0,6.0,0.0,0.0
