x,y,z,dyn_prop,id,rcs,vx,vy,vx_comp,vy_comp,is_quality_valid,ambig_state,x_rms,y_rms,invalid_state,pdh0,vx_rms,vy_rms
6.599999904632568,10.699999809265137,0.0,0.0,0.0,-2.5,19.25,0.0,0.11908283829689026,0.1930585652589798,1.0,1.0,19.0,19.0,0.0,1.0,20.0,3.0
41.0,19.100000381469727,0.0,0.0,1.0,-1.5,5.5,0.0,0.2714154124259949,0.1264398694038391,1.0,1.0,20.0,20.0,4.0,3.0,16.0,3.0
