x,y,z,dyn_prop,id,rcs,vx,vy,vx_comp,vy_comp,is_quality_valid,ambig_state,x_rms,y_rms,invalid_state,pdh0,vx_rms,vy_rms
4.800000190734863,-10.699999809265137,0.0,4.0,0.0,-2.5,0.0,0.0,4.461690425872803,-9.945850372314453,1.0,0.0,0.0,0.0,7.0,6.0,0.0,0.0
6.800000190734863,0.10000000149011612,0.0,1.0,1.0,-0.5,0.0,0.0,0.15638892352581024,0.002299837302416563,1.0,3.0,21.0,19.0,8.0,6.0,16.0,3.0
140.0,21.700000762939453,0.0,3.0,2.0,2.0,-1.0,0.25,-2.4024863243103027,-0.3723854124546051,1.0,3.0,22.0,26.0,0.0,1.0,16.0,3.0
256.79998779296875,-18.5,0.0,3.0,3.0,3.5,-1.0,0.25,0.16112691164016724,-0.011607663705945015,1.0,3.0,22.0,29.0,0.0,1.0,16.0,3.0
