x,y,z,dyn_prop,id,rcs,vx,vy,vx_comp,vy_comp,is_quality_valid,ambig_state,x_rms,y_rms,invalid_state,pdh0,vx_rms,vy_rms
5.0,-8.100000381469727,0.0,2.0,0.0,-3.5,-20.25,0.0,-0.2141803652048111,0.3469722270965576,1.0,1.0,19.0,19.0,0.0,1.0,20.0,3.0
107.19999694824219,19.899999618530273,0.0,0.0,1.0,-0.5,2.25,0.0,0.4050107002258301,0.07518389075994492,1.0,1.0,21.0,23.0,4.0,3.0,16.0,3.0
6.599999904632568,-0.30000001192092896,0.0,1.0,2.0,1.5,-0.5,0.0,0.3947789967060089,-0.017944499850273132,1.0,3.0,21.0,19.0,0.0,1.0,16.0,3.0
128.60000610351562,9.5,0.0,0.0,3.0,-2.0,0.75,0.0,0.2363603413105011,0.017460521310567856,1.0,1.0,21.0,24.0,4.0,3.0,16.0,3.0
129.0,18.100000381469727,0.0,0.0,4.0,-1.0,1.5,0.0,0.19981621205806732,0.02803622931241989,1.0,2.0,21.0,23.0,4.0,3.0,16.0,3.0
159.1999969482422,15.5,0.0,0.0,5.0,-3.0,1.0,0.0,0.20852184295654297,0.02030206471681595,1.0,1.0,22.0,27.0,4.0,3.0,16.0,3.0
