x,y,z,dyn_prop,id,rcs,vx,vy,vx_comp,vy_comp,is_quality_valid,ambig_state,x_rms,y_rms,invalid_state,pdh0,vx_rms,vy_rms
4.0,-7.300000190734863,0.0,2.0,0.0,-2.5,-18.75,0.0,0.7255175709724426,-1.3240694999694824,1.0,2.0,19.0,19.0,0.0,1.0,19.0,3.0
107.0,21.899999618530273,0.0,4.0,1.0,-0.5,0.0,0.0,-1.9801212549209595,-0.4052771329879761,1.0,0.0,0.0,0.0,7.0,6.0,0.0,0.0
129.39999389648438,19.299999237060547,0.0,0.0,2.0,1.5,1.75,0.0,0.3347862958908081,0.04993335157632828,1.0,1.0,22.0,25.0,0.0,1.0,16.0,3.0
