x,y,z,dyn_prop,id,rcs,vx,vy,vx_comp,vy_comp,is_quality_valid,ambig_state,x_rms,y_rms,invalid_state,pdh0,vx_rms,vy_rms
16.399999618530273,0.8999999761581421,0.0,0.0,0.0,1.5,0.5,0.25,0.17791980504989624,0.00976389180868864,1.0,3.0,19.0,19.0,0.0,1.0,16.0,3.0
53.0,-21.100000381469727,0.0,2.0,1.0,0.5,-5.25,0.0,0.11498723179101944,-0.04577793553471565,1.0,1.0,19.0,20.0,0.0,1.0,16.0,3.0
16.399999618530273,-2.9000000953674316,0.0,4.0,2.0,2.5,0.0,0.0,2.511242628097534,-0.4440612196922302,1.0,0.0,0.0,0.0,7.0,6.0,0.0,0.0
54.20000076293945,-10.899999618530273,0.0,4.0,3.0,7.5,0.0,0.0,2.783660411834717,-0.5598135590553284,1.0,0.0,0.0,0.0,7.0,6.0,0.0,0.0
