x,y,z,dyn_prop,id,rcs,vx,vy,vx_comp,vy_comp,is_quality_valid,ambig_state,x_rms,y_rms,invalid_state,pdh0,vx_rms,vy_rms
29.200000762939453,-43.5,0.0,2.0,0.0,12.5,-18.0,0.0,-0.02380402944982052,0.03546148166060448,1.0,1.0,21.0,21.0,0.0,1.0,20.0,3.0
102.0,22.700000762939453,0.0,0.0,1.0,-2.5,2.5,0.0,0.21267852187156677,0.047331396490335464,1.0,1.0,21.0,23.0,4.0,3.0,16.0,3.0
