x,y,z,dyn_prop,id,rcs,vx,vy,vx_comp,vy_comp,is_quality_valid,ambig_state,x_rms,y_rms,invalid_state,pdh0,vx_rms,vy_rms
16.600000381469727,-22.5,0.0,2.0,0.0,3.0,-12.75,0.0,1.2628763914108276,-1.7117301225662231,1.0,1.0,20.0,20.0,0.0,1.0,19.0,3.0
31.0,-41.5,0.0,2.0,1.0,15.0,-16.25,0.0,-0.04085865989327431,0.05469788610935211,1.0,1.0,21.0,20.0,0.0,1.0,19.0,3.0
64.80000305175781,25.899999618530273,0.0,0.0,2.0,-5.0,4.75,0.0,0.3325960636138916,0.1329357773065567,1.0,1.0,21.0,21.0,4.0,3.0,16.0,3.0
