x,y,z,dyn_prop,id,rcs,vx,vy,vx_comp,vy_comp,is_quality_valid,ambig_state,x_rms,y_rms,invalid_state,pdh0,vx_rms,vy_rms
4.400000095367432,0.10000000149011612,0.0,1.0,0.0,10.0,0.0,0.0,0.07838926464319229,0.0017815743340179324,1.0,3.0,19.0,19.0,0.0,1.0,16.0,3.0
8.600000381469727,0.10000000149011612,0.0,4.0,1.0,1.0,0.0,0.0,0.20882590115070343,0.0024282080121338367,1.0,0.0,0.0,0.0,14.0,6.0,0.0,0.0
8.600000381469727,12.699999809265137,0.0,2.0,2.0,3.5,-20.25,0.0,-11.713239669799805,-17.29745864868164,1.0,1.0,20.0,20.0,0.0,1.0,20.0,3.0
5.0,-14.300000190734863,0.0,4.0,3.0,13.5,0.0,0.0,3.698662519454956,-10.57817554473877,1.0,0.0,0.0,0.0,7.0,6.0,0.0,0.0
