x,y,z,dyn_prop,id,rcs,vx,vy,vx_comp,vy_comp,is_quality_valid,ambig_state,x_rms,y_rms,invalid_state,pdh0,vx_rms,vy_rms
4.599999904632568,-13.5,0.0,4.0,0.0,14.0,0.0,0.0,3.618614673614502,-10.619847297668457,1.0,0.0,0.0,0.0,7.0,6.0,0.0,0.0
34.0,10.899999618530273,0.0,0.0,1.0,-1.5,3.75,0.0,0.31640544533729553,0.10143586993217468,1.0,1.0,19.0,19.0,4.0,3.0,16.0,3.0
