x,y,z,dyn_prop,id,rcs,vx,vy,vx_comp,vy_comp,is_quality_valid,ambig_state,x_rms,y_rms,invalid_state,pdh0,vx_rms,vy_rms
5.599999904632568,-7.699999809265137,0.0,2.0,0.0,-3.5,-2.25,0.0,5.354086875915527,-7.3618693351745605,1.0,1.0,19.0,20.0,0.0,1.0,18.0,3.0
16.600000381469727,0.8999999761581421,0.0,0.0,1.0,4.5,0.5,0.0,0.18399137258529663,0.009975435212254524,1.0,3.0,19.0,19.0,0.0,1.0,16.0,3.0
55.20000076293945,1.7000000476837158,0.0,3.0,2.0,-4.5,0.25,0.75,0.2530360817909241,0.007792777381837368,1.0,3.0,19.0,20.0,4.0,3.0,16.0,3.0
53.400001525878906,-18.100000381469727,0.0,2.0,3.0,-4.0,-2.75,0.0,1.7022361755371094,-0.5769752264022827,1.0,1.0,20.0,21.0,4.0,3.0,16.0,3.0
53.20000076293945,-20.899999618530273,0.0,2.0,4.0,5.5,-5.0,0.0,0.28440409898757935,-0.1117301881313324,1.0,1.0,19.0,20.0,0.0,1.0,16.0,3.0
16.200000762939453,-2.700000047683716,0.0,4.0,5.0,1.0,0.0,0.0,2.4060826301574707,-0.40101370215415955,1.0,0.0,0.0,0.0,7.0,6.0,0.0,0.0
43.79999923706055,9.899999618530273,0.0,4.0,6.0,-2.5,0.0,0.0,-2.3636138439178467,-0.5342414975166321,1.0,0.0,0.0,0.0,7.0,6.0,0.0,0.0
