x,y,z,dyn_prop,id,rcs,vx,vy,vx_comp,vy_comp,is_quality_valid,ambig_state,x_rms,y_rms,invalid_state,pdh0,vx_rms,vy_rms
4.800000190734863,-9.899999618530273,0.0,4.0,0.0,0.5,0.0,0.0,4.653345108032227,-9.597522735595703,1.0,0.0,0.0,0.0,7.0,6.0,0.0,0.0
5.0,-10.899999618530273,0.0,4.0,1.0,14.0,0.0,0.0,4.488724708557129,-9.785421371459961,1.0,0.0,0.0,0.0,7.0,6.0,0.0,0.0
32.0,26.100000381469727,0.0,0.0,2.0,0.0,9.5,0.0,0.19473400712013245,0.158829927444458,1.0,1.0,19.0,19.0,4.0,3.0,17.0,3.0
