x,y,z,dyn_prop,id,rcs,vx,vy,vx_comp,vy_comp,is_quality_valid,ambig_state,x_rms,y_rms,invalid_state,pdh0,vx_rms,vy_rms
4.800000190734863,-9.100000381469727,0.0,4.0,0.0,-3.5,0.0,0.0,4.892665386199951,-9.275676727294922,1.0,0.0,0.0,0.0,7.0,6.0,0.0,0.0
4.800000190734863,-10.100000381469727,0.0,4.0,1.0,13.5,0.0,0.0,4.589696884155273,-9.657485961914062,1.0,0.0,0.0,0.0,7.0,6.0,0.0,0.0
34.20000076293945,35.900001525878906,0.0,0.0,2.0,5.0,12.25,0.0,0.15730920433998108,0.165128692984581,1.0,1.0,21.0,21.0,0.0,1.0,18.0,3.0
