x,y,z,dyn_prop,id,rcs,vx,vy,vx_comp,vy_comp,is_quality_valid,ambig_state,x_rms,y_rms,invalid_state,pdh0,vx_rms,vy_rms
4.400000095367432,-8.5,0.0,4.0,0.0,9.5,0.0,0.0,4.832944393157959,-9.336369514465332,1.0,0.0,0.0,0.0,7.0,6.0,0.0,0.0
4.400000095367432,9.5,0.0,4.0,1.0,-2.0,0.0,0.0,-4.3910746574401855,-9.480729103088379,1.0,0.0,0.0,0.0,7.0,6.0,0.0,0.0
