x,y,z,dyn_prop,id,rcs,vx,vy,vx_comp,vy_comp,is_quality_valid,ambig_state,x_rms,y_rms,invalid_state,pdh0,vx_rms,vy_rms
4.0,-6.5,0.0,2.0,0.0,-1.5,-16.75,0.0,0.685890793800354,-1.114572525024414,1.0,2.0,19.0,20.0,0.0,1.0,19.0,3.0
4.599999904632568,-7.5,0.0,2.0,1.0,8.5,-19.75,0.0,-0.12016576528549194,0.19592246413230896,1.0,1.0,19.0,19.0,0.0,1.0,19.0,3.0
32.400001525878906,-51.5,0.0,2.0,2.0,11.5,-18.75,0.0,0.023683760315179825,-0.03764548525214195,1.0,1.0,22.0,22.0,0.0,1.0,21.0,3.0
