x,y,z,dyn_prop,id,rcs,vx,vy,vx_comp,vy_comp,is_quality_valid,ambig_state,x_rms,y_rms,invalid_state,pdh0,vx_rms,vy_rms
4.599999904632568,-6.300000190734863,0.0,6.0,0.0,7.5,-17.5,0.0,-0.4391426146030426,0.6014344692230225,1.0,3.0,20.0,21.0,0.0,1.0,19.0,3.0
6.599999904632568,14.300000190734863,0.0,4.0,1.0,-4.5,0.0,0.0,-4.370264053344727,-9.468907356262207,1.0,0.0,0.0,0.0,7.0,6.0,0.0,0.0
31.0,-40.70000076293945,0.0,2.0,2.0,6.0,-15.5,0.0,0.0287194661796093,-0.03770587965846062,1.0,1.0,22.0,21.0,0.0,1.0,19.0,3.0
