x,y,z,dyn_prop,id,rcs,vx,vy,vx_comp,vy_comp,is_quality_valid,ambig_state,x_rms,y_rms,invalid_state,pdh0,vx_rms,vy_rms
12.800000190734863,26.899999618530273,0.0,4.0,0.0,10.5,0.0,0.0,-4.455108165740967,-9.362689971923828,1.0,0.0,0.0,0.0,7.0,6.0,0.0,0.0
31.200000762939453,-35.900001525878906,0.0,2.0,1.0,7.5,-13.5,0.0,0.07525047659873962,-0.08658628910779953,1.0,1.0,20.0,20.0,10.0,3.0,18.0,3.0
30.399999618530273,-39.900001525878906,0.0,2.0,2.0,10.5,-15.5,0.0,0.020737776532769203,-0.02721833437681198,1.0,2.0,20.0,20.0,0.0,1.0,19.0,3.0
