x,y,z,dyn_prop,id,rcs,vx,vy,vx_comp,vy_comp,is_quality_valid,ambig_state,x_rms,y_rms,invalid_state,pdh0,vx_rms,vy_rms
16.399999618530273,0.699999988079071,0.0,0.0,0.0,6.0,0.5,0.0,0.3194570541381836,0.0136353624984622,1.0,3.0,19.0,19.0,0.0,1.0,16.0,3.0
53.400001525878906,-16.700000762939453,0.0,2.0,1.0,-4.5,-2.75,0.0,1.4198352098464966,-0.44403088092803955,1.0,2.0,19.0,20.0,4.0,3.0,16.0,3.0
16.399999618530273,-3.0999999046325684,0.0,4.0,2.0,-3.5,0.0,0.0,2.65159273147583,-0.5012157559394836,1.0,0.0,0.0,0.0,7.0,6.0,0.0,0.0
