x,y,z,dyn_prop,id,rcs,vx,vy,vx_comp,vy_comp,is_quality_valid,ambig_state,x_rms,y_rms,invalid_state,pdh0,vx_rms,vy_rms
4.400000095367432,0.699999988079071,0.0,6.0,0.0,-4.5,0.5,0.25,-0.9726197719573975,-0.15473496913909912,1.0,3.0,20.0,19.0,0.0,1.0,16.0,3.0
4.400000095367432,0.10000000149011612,0.0,5.0,1.0,10.5,0.25,0.25,0.2951326072216034,0.006707559339702129,1.0,3.0,19.0,19.0,0.0,1.0,16.0,3.0
13.199999809265137,1.899999976158142,0.0,0.0,2.0,3.0,1.5,0.0,0.1353653073310852,0.019484398886561394,1.0,2.0,19.0,19.0,0.0,1.0,16.0,3.0
17.399999618530273,2.700000047683716,0.0,0.0,3.0,4.5,2.0,0.0,0.49634435772895813,0.07701895385980606,1.0,1.0,19.0,19.0,0.0,1.0,16.0,3.0
30.0,0.30000001192092896,0.0,1.0,4.0,15.0,0.0,0.5,0.19173458218574524,0.0019173459149897099,1.0,3.0,19.0,19.0,0.0,1.0,16.0,3.0
31.399999618530273,7.5,0.0,0.0,5.0,-5.0,2.75,0.0,0.2750950753688812,0.06570742279291153,1.0,1.0,19.0,19.0,4.0,3.0,16.0,3.0
33.0,0.699999988079071,0.0,3.0,6.0,-4.0,0.25,0.75,0.3228849470615387,0.006849074270576239,1.0,3.0,19.0,19.0,11.0,3.0,16.0,3.0
33.599998474121094,0.699999988079071,0.0,3.0,7.0,0.0,0.25,0.75,0.3269836902618408,0.0068121603690087795,1.0,3.0,19.0,19.0,9.0,3.0,16.0,3.0
13.399999618530273,1.5,0.0,0.0,8.0,-3.5,1.25,0.0,0.25494319200515747,0.0285384189337492,1.0,1.0,21.0,19.0,0.0,1.0,16.0,3.0
