x,y,z,dyn_prop,id,rcs,vx,vy,vx_comp,vy_comp,is_quality_valid,ambig_state,x_rms,y_rms,invalid_state,pdh0,vx_rms,vy_rms
2.200000047683716,-6.5,0.0,4.0,0.0,12.5,0.0,0.0,3.5219168663024902,-10.405661582946777,1.0,0.0,0.0,0.0,7.0,6.0,0.0,0.0
6.400000095367432,-15.899999618530273,0.0,4.0,1.0,-2.5,0.0,0.0,4.024022579193115,-9.99718189239502,1.0,0.0,0.0,0.0,7.0,6.0,0.0,0.0
29.799999237060547,25.299999237060547,0.0,0.0,2.0,-4.5,9.75,0.0,0.16845564544200897,0.1430177092552185,1.0,1.0,20.0,20.0,4.0,3.0,17.0,3.0
32.599998474121094,26.299999237060547,0.0,0.0,3.0,-4.0,9.25,0.0,0.16690224409103394,0.1346481442451477,1.0,2.0,19.0,19.0,4.0,3.0,17.0,3.0
29.399999618530273,31.5,0.0,0.0,4.0,8.0,12.5,0.0,0.22473812103271484,0.24079084396362305,1.0,1.0,19.0,19.0,0.0,1.0,18.0,3.0
