x,y,z,dyn_prop,id,rcs,vx,vy,vx_comp,vy_comp,is_quality_valid,ambig_state,x_rms,y_rms,invalid_state,pdh0,vx_rms,vy_rms
3.4000000953674316,13.699999809265137,0.0,4.0,0.0,22.0,0.0,0.0,-2.935481309890747,-11.828262329101562,1.0,0.0,0.0,0.0,7.0,6.0,0.0,0.0
16.600000381469727,0.8999999761581421,0.0,0.0,1.0,3.5,0.5,0.0,0.16579605638980865,0.008988942950963974,1.0,3.0,19.0,19.0,0.0,1.0,16.0,3.0
16.600000381469727,1.2999999523162842,0.0,0.0,2.0,-3.0,1.0,0.0,0.35940250754356384,0.02814597822725773,1.0,3.0,21.0,19.0,0.0,1.0,16.0,3.0
53.79999923706055,-16.100000381469727,0.0,2.0,3.0,-5.0,-2.5,0.0,1.5011922121047974,-0.4492415487766266,1.0,1.0,20.0,21.0,4.0,3.0,16.0,3.0
16.200000762939453,-2.700000047683716,0.0,4.0,4.0,-3.0,0.0,0.0,2.3926897048950195,-0.39878159761428833,1.0,0.0,0.0,0.0,7.0,6.0,0.0,0.0
54.79999923706055,12.100000381469727,0.0,4.0,5.0,0.0,0.0,0.0,-2.326613664627075,-0.5137231349945068,1.0,0.0,0.0,0.0,7.0,6.0,0.0,0.0
