x,y,z,dyn_prop,id,rcs,vx,vy,vx_comp,vy_comp,is_quality_valid,ambig_state,x_rms,y_rms,invalid_state,pdh0,vx_rms,vy_rms
4.400000095367432,5.099999904632568,0.0,0.0,0.0,-1.5,13.5,0.0,0.21077193319797516,0.24430382251739502,1.0,1.0,20.0,20.0,10.0,3.0,18.0,3.0
26.600000381469727,32.099998474121094,0.0,0.0,1.0,8.5,14.5,0.0,0.3853905498981476,0.4650765657424927,1.0,2.0,20.0,20.0,0.0,1.0,18.0,3.0
29.0,40.29999923706055,0.0,0.0,2.0,14.0,16.25,0.0,0.20371079444885254,0.28308776021003723,1.0,1.0,21.0,21.0,0.0,1.0,19.0,3.0
31.799999237060547,39.900001525878906,0.0,0.0,3.0,8.0,14.5,0.0,0.15389299392700195,0.19309218227863312,1.0,1.0,21.0,21.0,0.0,1.0,19.0,3.0
28.200000762939453,42.5,0.0,0.0,4.0,10.5,17.5,0.0,0.1525217741727829,0.22986437380313873,1.0,1.0,22.0,21.0,0.0,1.0,20.0,3.0
