x,y,z,dyn_prop,id,rcs,vx,vy,vx_comp,vy_comp,is_quality_valid,ambig_state,x_rms,y_rms,invalid_state,pdh0,vx_rms,vy_rms
5.599999904632568,-13.100000381469727,0.0,4.0,0.0,-3.0,0.0,0.0,4.194550037384033,-9.812252044677734,1.0,0.0,0.0,0.0,7.0,6.0,0.0,0.0
29.799999237060547,42.5,0.0,0.0,1.0,11.5,17.0,0.0,0.30845221877098083,0.43990668654441833,1.0,2.0,21.0,20.0,0.0,1.0,19.0,3.0
29.600000381469727,43.900001525878906,0.0,0.0,2.0,16.5,17.75,0.0,0.3226851522922516,0.47857698798179626,1.0,2.0,21.0,20.0,0.0,1.0,19.0,3.0
29.600000381469727,45.70000076293945,0.0,0.0,3.0,12.5,18.0,0.0,0.1727709025144577,0.2667442858219147,1.0,1.0,22.0,21.0,0.0,1.0,20.0,3.0
30.600000381469727,47.29999923706055,0.0,0.0,4.0,10.0,18.0,0.0,0.16627685725688934,0.2570227384567261,1.0,1.0,22.0,22.0,9.0,3.0,20.0,3.0
29.0,4.099999904632568,0.0,1.0,5.0,-5.0,-1.0,0.0,-2.2744085788726807,-0.3215543031692505,1.0,0.0,21.0,19.0,3.0,6.0,16.0,3.0
