x,y,z,dyn_prop,id,rcs,vx,vy,vx_comp,vy_comp,is_quality_valid,ambig_state,x_rms,y_rms,invalid_state,pdh0,vx_rms,vy_rms
38.79999923706055,25.100000381469727,0.0,0.0,0.0,-5.0,7.5,0.0,0.2702384889125824,0.1748192310333252,1.0,1.0,21.0,21.0,4.0,3.0,17.0,3.0
41.20000076293945,26.100000381469727,0.0,0.0,1.0,-2.5,7.5,0.0,0.3833477199077606,0.24284891784191132,1.0,1.0,20.0,20.0,4.0,3.0,17.0,3.0
42.0,27.299999237060547,0.0,0.0,2.0,-3.0,7.5,0.0,0.24453476071357727,0.15894758701324463,1.0,1.0,20.0,21.0,4.0,3.0,17.0,3.0
22.799999237060547,-50.900001525878906,0.0,4.0,3.0,19.5,0.0,0.0,4.330808639526367,-9.668339729309082,1.0,0.0,0.0,0.0,7.0,6.0,0.0,0.0
28.0,48.5,0.0,4.0,4.0,15.5,0.0,0.0,-4.891192436218262,-8.472244262695312,1.0,0.0,0.0,0.0,7.0,6.0,0.0,0.0
