x,y,z,dyn_prop,id,rcs,vx,vy,vx_comp,vy_comp,is_quality_valid,ambig_state,x_rms,y_rms,invalid_state,pdh0,vx_rms,vy_rms
2.200000047683716,3.0999999046325684,0.0,0.0,0.0,4.0,16.5,0.0,0.21917960047721863,0.3088440001010895,1.0,1.0,19.0,19.0,0.0,1.0,19.0,3.0
11.199999809265137,23.700000762939453,0.0,4.0,1.0,3.0,0.0,0.0,-4.3713507652282715,-9.250092506408691,1.0,0.0,0.0,0.0,7.0,6.0,0.0,0.0
