x,y,z,dyn_prop,id,rcs,vx,vy,vx_comp,vy_comp,is_quality_valid,ambig_state,x_rms,y_rms,invalid_state,pdh0,vx_rms,vy_rms
26.200000762939453,-2.5,0.0,2.0,0.0,-2.0,-1.25,0.0,0.15721622109413147,-0.015001548454165459,1.0,1.0,20.0,19.0,0.0,1.0,16.0,3.0
26.0,-3.299999952316284,0.0,2.0,1.0,-2.0,-1.5,0.0,0.2682645916938782,-0.03404896706342697,1.0,1.0,19.0,19.0,0.0,1.0,16.0,3.0
7.0,-1.2999999523162842,0.0,4.0,2.0,-3.5,0.0,0.0,2.370025157928467,-0.4401475191116333,1.0,0.0,0.0,0.0,7.0,6.0,0.0,0.0
25.799999237060547,-5.099999904632568,0.0,4.0,3.0,-1.0,0.0,0.0,2.492539167404175,-0.49271127581596375,1.0,0.0,0.0,0.0,7.0,6.0,0.0,0.0
