x,y,z,dyn_prop,id,rcs,vx,vy,vx_comp,vy_comp,is_quality_valid,ambig_state,x_rms,y_rms,invalid_state,pdh0,vx_rms,vy_rms
53.599998474121094,54.900001525878906,0.0,0.0,0.0,6.5,13.0,0.0,0.19879505038261414,0.20361658930778503,1.0,1.0,22.0,22.0,0.0,1.0,18.0,3.0
