x,y,z,dyn_prop,id,rcs,vx,vy,vx_comp,vy_comp,is_quality_valid,ambig_state,x_rms,y_rms,invalid_state,pdh0,vx_rms,vy_rms
4.800000190734863,-1.7000000476837158,0.0,2.0,0.0,0.0,-4.25,0.0,0.20900027453899384,-0.07402092963457108,1.0,2.0,20.0,19.0,0.0,1.0,16.0,3.0
6.0,-2.0999999046325684,0.0,0.0,1.0,-1.0,29.75,0.0,30.455537796020508,-10.659438133239746,1.0,2.0,19.0,19.0,0.0,1.0,16.0,3.0
5.0,-1.5,0.0,2.0,2.0,-1.0,-3.75,0.0,0.09160053730010986,-0.02748016268014908,1.0,2.0,19.0,19.0,0.0,1.0,16.0,3.0
30.0,-11.699999809265137,0.0,2.0,3.0,-1.0,-4.75,0.0,0.1350051462650299,-0.05265200138092041,1.0,1.0,19.0,19.0,0.0,1.0,16.0,3.0
