x,y,z,dyn_prop,id,rcs,vx,vy,vx_comp,vy_comp,is_quality_valid,ambig_state,x_rms,y_rms,invalid_state,pdh0,vx_rms,vy_rms
4.400000095367432,-1.7000000476837158,0.0,2.0,0.0,2.0,-4.75,0.0,0.09634749591350555,-0.03722516819834709,1.0,3.0,20.0,20.0,0.0,1.0,16.0,3.0
4.599999904632568,-1.5,0.0,2.0,1.0,-3.0,-4.0,0.0,0.13824968039989471,-0.04508141800761223,1.0,3.0,20.0,20.0,0.0,1.0,16.0,3.0
