x,y,z,dyn_prop,id,rcs,vx,vy,vx_comp,vy_comp,is_quality_valid,ambig_state,x_rms,y_rms,invalid_state,pdh0,vx_rms,vy_rms
4.199999809265137,-1.5,0.0,2.0,0.0,-3.5,-4.0,0.0,0.45983096957206726,-0.16422535479068756,1.0,3.0,20.0,20.0,0.0,1.0,16.0,3.0
4.199999809265137,-1.5,0.0,2.0,1.0,-4.5,-4.25,0.0,0.2381114959716797,-0.08503982424736023,1.0,3.0,20.0,20.0,0.0,1.0,16.0,3.0
4.199999809265137,-1.7000000476837158,0.0,2.0,2.0,-4.5,-4.75,0.0,0.28215548396110535,-0.11420579999685287,1.0,3.0,20.0,20.0,0.0,1.0,16.0,3.0
