x,y,z,dyn_prop,id,rcs,vx,vy,vx_comp,vy_comp,is_quality_valid,ambig_state,x_rms,y_rms,invalid_state,pdh0,vx_rms,vy_rms
4.0,-1.100000023841858,0.0,2.0,0.0,5.0,-3.0,0.0,0.5135051012039185,-0.14121390879154205,1.0,3.0,20.0,20.0,0.0,1.0,16.0,3.0
4.0,-1.100000023841858,0.0,2.0,1.0,-3.5,-3.5,0.0,0.04865915700793266,-0.01338126789778471,1.0,3.0,20.0,20.0,0.0,1.0,16.0,3.0
47.400001525878906,3.0999999046325684,0.0,0.0,2.0,-0.5,0.5,0.0,0.043561648577451706,0.0028489683754742146,1.0,1.0,19.0,19.0,4.0,3.0,16.0,3.0
