x,y,z,dyn_prop,id,rcs,vx,vy,vx_comp,vy_comp,is_quality_valid,ambig_state,x_rms,y_rms,invalid_state,pdh0,vx_rms,vy_rms
1.600000023841858,5.699999809265137,0.0,4.0,0.0,7.5,0.0,0.0,-3.053164482116699,-10.876899719238281,1.0,0.0,0.0,0.0,7.0,6.0,0.0,0.0
43.400001525878906,-9.699999809265137,0.0,4.0,1.0,-3.5,0.0,0.0,2.823643445968628,-0.6310907602310181,1.0,0.0,0.0,0.0,7.0,6.0,0.0,0.0
44.20000076293945,-9.899999618530273,0.0,4.0,2.0,-2.5,0.0,0.0,2.8284661769866943,-0.6335251927375793,1.0,0.0,0.0,0.0,7.0,6.0,0.0,0.0
44.79999923706055,-9.300000190734863,0.0,4.0,3.0,-4.5,0.0,0.0,2.6618266105651855,-0.5525667667388916,1.0,0.0,0.0,0.0,7.0,6.0,0.0,0.0
