x,y,z,dyn_prop,id,rcs,vx,vy,vx_comp,vy_comp,is_quality_valid,ambig_state,x_rms,y_rms,invalid_state,pdh0,vx_rms,vy_rms
16.600000381469727,13.699999809265137,0.0,0.0,0.0,-5.0,10.5,0.0,0.25282755494117737,0.2086588591337204,1.0,1.0,19.0,19.0,4.0,3.0,17.0,3.0
30.799999237060547,28.899999618530273,0.0,3.0,1.0,-0.5,-0.75,0.25,-6.391035079956055,-5.996783256530762,1.0,3.0,20.0,21.0,4.0,3.0,17.0,3.0
