x,y,z,dyn_prop,id,rcs,vx,vy,vx_comp,vy_comp,is_quality_valid,ambig_state,x_rms,y_rms,invalid_state,pdh0,vx_rms,vy_rms
3.5999999046325684,-0.10000000149011612,0.0,1.0,0.0,1.0,-0.5,0.0,0.15965114533901215,-0.004434754606336355,1.0,3.0,19.0,19.0,0.0,1.0,16.0,3.0
6.800000190734863,12.5,0.0,4.0,1.0,-5.0,0.0,0.0,-4.920413494110107,-9.044877052307129,1.0,0.0,0.0,0.0,7.0,6.0,0.0,0.0
