x,y,z,dyn_prop,id,rcs,vx,vy,vx_comp,vy_comp,is_quality_valid,ambig_state,x_rms,y_rms,invalid_state,pdh0,vx_rms,vy_rms
11.800000190734863,-23.899999618530273,0.0,4.0,0.0,5.0,0.0,0.0,4.828071594238281,-9.778891563415527,1.0,0.0,0.0,0.0,7.0,6.0,0.0,0.0
13.199999809265137,23.299999237060547,0.0,4.0,1.0,3.0,0.0,0.0,-5.059277534484863,-8.93039321899414,1.0,0.0,0.0,0.0,7.0,6.0,0.0,0.0
