x,y,z,dyn_prop,id,rcs,vx,vy,vx_comp,vy_comp,is_quality_valid,ambig_state,x_rms,y_rms,invalid_state,pdh0,vx_rms,vy_rms
49.0,-9.100000381469727,0.0,4.0,0.0,5.5,0.0,0.0,2.4926304817199707,-0.4629170894622803,1.0,0.0,0.0,0.0,7.0,6.0,0.0,0.0
49.20000076293945,-8.699999809265137,0.0,4.0,1.0,5.0,0.0,0.0,2.3971714973449707,-0.4238901138305664,1.0,0.0,0.0,0.0,7.0,6.0,0.0,0.0
