x,y,z,dyn_prop,id,rcs,vx,vy,vx_comp,vy_comp,is_quality_valid,ambig_state,x_rms,y_rms,invalid_state,pdh0,vx_rms,vy_rms
2.200000047683716,0.30000001192092896,0.0,4.0,0.0,-5.0,0.0,0.0,-1.2685009241104126,-0.17297740280628204,1.0,0.0,0.0,0.0,7.0,6.0,0.0,0.0
155.8000030517578,28.700000762939453,0.0,4.0,1.0,4.0,0.0,0.0,-1.8043618202209473,-0.3323824405670166,1.0,0.0,0.0,0.0,7.0,6.0,0.0,0.0
205.39999389648438,41.5,0.0,4.0,2.0,19.5,0.0,0.0,-1.9978007078170776,-0.40364524722099304,1.0,0.0,0.0,0.0,7.0,6.0,0.0,0.0
