x,y,z,dyn_prop,id,rcs,vx,vy,vx_comp,vy_comp,is_quality_valid,ambig_state,x_rms,y_rms,invalid_state,pdh0,vx_rms,vy_rms
16.399999618530273,-1.100000023841858,0.0,3.0,0.0,-2.0,-1.0,0.0,0.21385768055915833,-0.014344112947583199,1.0,3.0,19.0,19.0,0.0,1.0,16.0,3.0
16.399999618530273,-1.7000000476837158,0.0,2.0,1.0,-5.0,-1.25,0.0,0.42083656787872314,-0.04362330585718155,1.0,1.0,19.0,19.0,0.0,1.0,16.0,3.0
33.20000076293945,22.299999237060547,0.0,0.0,2.0,-4.5,8.5,0.0,0.28616130352020264,0.19221074879169464,1.0,1.0,20.0,20.0,4.0,3.0,17.0,3.0
51.400001525878906,-18.5,0.0,2.0,3.0,-2.5,-4.75,0.0,0.13387705385684967,-0.0481853187084198,1.0,1.0,20.0,21.0,4.0,3.0,16.0,3.0
