x,y,z,dyn_prop,id,rcs,vx,vy,vx_comp,vy_comp,is_quality_valid,ambig_state,x_rms,y_rms,invalid_state,pdh0,vx_rms,vy_rms
4.800000190734863,0.30000001192092896,0.0,0.0,0.0,2.0,0.5,0.0,0.08339157700538635,0.005211973562836647,1.0,3.0,21.0,19.0,0.0,1.0,16.0,3.0
