x,y,z,dyn_prop,id,rcs,vx,vy,vx_comp,vy_comp,is_quality_valid,ambig_state,x_rms,y_rms,invalid_state,pdh0,vx_rms,vy_rms
1.2000000476837158,4.900000095367432,0.0,4.0,0.0,31.0,0.0,0.0,-2.708266258239746,-11.05875301361084,1.0,0.0,0.0,0.0,7.0,6.0,0.0,0.0
1.600000023841858,-4.900000095367432,0.0,4.0,1.0,13.0,0.0,0.0,3.5164923667907715,-10.769255638122559,1.0,0.0,0.0,0.0,7.0,6.0,0.0,0.0
