x,y,z,dyn_prop,id,rcs,vx,vy,vx_comp,vy_comp,is_quality_valid,ambig_state,x_rms,y_rms,invalid_state,pdh0,vx_rms,vy_rms
16.200000762939453,-1.5,0.0,2.0,0.0,-3.0,-1.25,0.0,0.28179648518562317,-0.02609226480126381,1.0,3.0,20.0,20.0,0.0,1.0,16.0,3.0
16.399999618530273,17.5,0.0,0.0,1.0,-1.5,13.5,0.0,0.21289607882499695,0.22717571258544922,1.0,1.0,19.0,19.0,0.0,1.0,18.0,3.0
17.200000762939453,17.5,0.0,0.0,2.0,-2.0,13.5,0.0,0.5302985906600952,0.5395479798316956,1.0,2.0,20.0,19.0,0.0,1.0,18.0,3.0
50.79999923706055,-19.299999237060547,0.0,2.0,3.0,0.0,-5.0,0.0,0.1279386281967163,-0.04860660806298256,1.0,2.0,19.0,20.0,4.0,3.0,16.0,3.0
