x,y,z,dyn_prop,id,rcs,vx,vy,vx_comp,vy_comp,is_quality_valid,ambig_state,x_rms,y_rms,invalid_state,pdh0,vx_rms,vy_rms
5.0,0.30000001192092896,0.0,1.0,0.0,-3.0,0.5,0.0,0.12444822490215302,0.007466893643140793,1.0,3.0,19.0,19.0,0.0,1.0,16.0,3.0
5.0,0.5,0.0,0.0,1.0,-4.0,0.75,0.0,-0.09462947398424149,-0.009462947025895119,1.0,3.0,21.0,19.0,0.0,1.0,16.0,3.0
