x,y,z,dyn_prop,id,rcs,vx,vy,vx_comp,vy_comp,is_quality_valid,ambig_state,x_rms,y_rms,invalid_state,pdh0,vx_rms,vy_rms
3.0,-8.699999809265137,0.0,4.0,0.0,2.5,0.0,0.0,3.647608518600464,-10.578064918518066,1.0,0.0,0.0,0.0,7.0,6.0,0.0,0.0
5.199999809265137,0.8999999761581421,0.0,4.0,1.0,-3.0,0.0,0.0,-1.6597356796264648,-0.287261962890625,1.0,0.0,0.0,0.0,7.0,6.0,0.0,0.0
