x,y,z,dyn_prop,id,rcs,vx,vy,vx_comp,vy_comp,is_quality_valid,ambig_state,x_rms,y_rms,invalid_state,pdh0,vx_rms,vy_rms
2.799999952316284,5.699999809265137,0.0,4.0,0.0,8.0,0.0,0.0,-4.899209499359131,-9.973390579223633,1.0,0.0,0.0,0.0,7.0,6.0,0.0,0.0
16.200000762939453,-1.5,0.0,2.0,1.0,-2.5,-1.25,0.0,0.26636385917663574,-0.024663317948579788,1.0,3.0,19.0,20.0,0.0,1.0,16.0,3.0
