x,y,z,dyn_prop,id,rcs,vx,vy,vx_comp,vy_comp,is_quality_valid,ambig_state,x_rms,y_rms,invalid_state,pdh0,vx_rms,vy_rms
5.599999904632568,0.5,0.0,0.0,0.0,1.0,1.0,0.0,0.26708561182022095,0.023846929892897606,1.0,3.0,19.0,19.0,0.0,1.0,16.0,3.0
2.200000047683716,-5.5,0.0,4.0,1.0,12.5,0.0,0.0,4.065417766571045,-10.163545608520508,1.0,0.0,0.0,0.0,7.0,6.0,0.0,0.0
16.799999237060547,-18.5,0.0,2.0,2.0,-3.5,-6.0,0.0,3.2344460487365723,-3.561741828918457,1.0,1.0,20.0,20.0,4.0,3.0,18.0,3.0
