x,y,z,dyn_prop,id,rcs,vx,vy,vx_comp,vy_comp,is_quality_valid,ambig_state,x_rms,y_rms,invalid_state,pdh0,vx_rms,vy_rms
16.0,-20.100000381469727,0.0,2.0,0.0,-3.0,-15.0,0.0,-0.01508565153926611,0.018951348960399628,1.0,1.0,20.0,20.0,4.0,3.0,19.0,3.0
17.200000762939453,-27.700000762939453,0.0,2.0,1.0,2.5,-19.0,0.0,0.02482779696583748,-0.03998430073261261,1.0,1.0,21.0,21.0,0.0,1.0,21.0,3.0
