x,y,z,dyn_prop,id,rcs,vx,vy,vx_comp,vy_comp,is_quality_valid,ambig_state,x_rms,y_rms,invalid_state,pdh0,vx_rms,vy_rms
15.600000381469727,-15.5,0.0,2.0,0.0,0.5,-11.75,0.0,0.06693647056818008,-0.06650738418102264,1.0,1.0,19.0,19.0,0.0,1.0,18.0,3.0
15.399999618530273,-16.100000381469727,0.0,2.0,1.0,3.0,-12.5,0.0,-0.006230860948562622,0.006514082662761211,1.0,1.0,19.0,19.0,0.0,1.0,18.0,3.0
17.0,-25.299999237060547,0.0,2.0,2.0,-0.5,-17.5,0.0,0.04445828124880791,-0.06616438180208206,1.0,1.0,21.0,21.0,16.0,1.0,20.0,3.0
37.599998474121094,-17.700000762939453,0.0,2.0,3.0,6.5,-5.75,0.0,0.03662429749965668,-0.017240695655345917,1.0,1.0,19.0,19.0,0.0,1.0,16.0,3.0
37.20000076293945,-38.70000076293945,0.0,2.0,4.0,3.5,-12.25,0.0,0.0850997269153595,-0.08853116631507874,1.0,1.0,21.0,21.0,0.0,1.0,18.0,3.0
