x,y,z,dyn_prop,id,rcs,vx,vy,vx_comp,vy_comp,is_quality_valid,ambig_state,x_rms,y_rms,invalid_state,pdh0,vx_rms,vy_rms
2.200000047683716,0.699999988079071,0.0,0.0,0.0,-1.5,3.25,0.0,-0.1230195164680481,-0.03914257511496544,1.0,1.0,19.0,19.0,0.0,1.0,16.0,3.0
14.800000190734863,-8.899999618530273,0.0,2.0,1.0,-0.5,-7.25,0.0,0.03666648268699646,-0.02204943634569645,1.0,1.0,19.0,19.0,0.0,1.0,17.0,3.0
36.20000076293945,-17.5,0.0,2.0,2.0,-5.0,-5.75,0.0,0.14555595815181732,-0.07036545127630234,1.0,1.0,19.0,19.0,4.0,3.0,16.0,3.0
36.400001525878906,-21.100000381469727,0.0,2.0,3.0,-5.0,-7.0,0.0,0.035914529114961624,-0.02081858552992344,1.0,1.0,20.0,20.0,4.0,3.0,17.0,3.0
