x,y,z,dyn_prop,id,rcs,vx,vy,vx_comp,vy_comp,is_quality_valid,ambig_state,x_rms,y_rms,invalid_state,pdh0,vx_rms,vy_rms
30.200000762939453,-21.299999237060547,0.0,2.0,0.0,6.5,-8.25,0.0,0.17017582058906555,-0.1200246587395668,1.0,1.0,19.0,20.0,0.0,1.0,17.0,3.0
31.0,-22.700000762939453,0.0,2.0,1.0,10.5,-8.75,0.0,0.0441419892013073,-0.03232333064079285,1.0,1.0,19.0,19.0,0.0,1.0,17.0,3.0
42.599998474121094,-15.699999809265137,0.0,2.0,2.0,-4.5,-4.5,0.0,0.08403162658214569,-0.030969401821494102,1.0,1.0,20.0,20.0,4.0,3.0,16.0,3.0
47.599998474121094,30.100000381469727,0.0,2.0,3.0,-1.5,-17.5,0.0,-17.518779754638672,-11.078051567077637,1.0,1.0,20.0,21.0,4.0,3.0,17.0,3.0
55.599998474121094,-19.700000762939453,0.0,2.0,4.0,-3.0,-4.25,0.0,0.16016454994678497,-0.05674895644187927,1.0,1.0,21.0,21.0,4.0,3.0,16.0,3.0
57.20000076293945,-18.700000762939453,0.0,2.0,5.0,3.5,-4.0,0.0,0.10141955316066742,-0.033156391233205795,1.0,1.0,19.0,20.0,0.0,1.0,16.0,3.0
56.79999923706055,-20.700000762939453,0.0,2.0,6.0,8.0,-4.5,0.0,0.04215681180357933,-0.015363485552370548,1.0,1.0,20.0,20.0,0.0,1.0,16.0,3.0
