x,y,z,dyn_prop,id,rcs,vx,vy,vx_comp,vy_comp,is_quality_valid,ambig_state,x_rms,y_rms,invalid_state,pdh0,vx_rms,vy_rms
3.4000000953674316,-10.300000190734863,0.0,4.0,0.0,2.0,0.0,0.0,3.4832093715667725,-10.55207633972168,1.0,0.0,0.0,0.0,7.0,6.0,0.0,0.0
26.600000381469727,-1.7000000476837158,0.0,3.0,1.0,0.5,-0.75,0.25,0.2843342125415802,-0.018171735107898712,1.0,3.0,19.0,19.0,0.0,1.0,16.0,3.0
22.0,22.299999237060547,0.0,0.0,2.0,-2.5,11.75,0.0,0.14919398725032806,0.15122845768928528,1.0,1.0,20.0,20.0,4.0,3.0,18.0,3.0
23.0,22.899999618530273,0.0,0.0,3.0,-2.5,11.75,0.0,0.2566596269607544,0.2555437386035919,1.0,1.0,21.0,21.0,4.0,3.0,18.0,3.0
36.20000076293945,-18.899999618530273,0.0,2.0,4.0,-2.5,-6.25,0.0,0.09134216606616974,-0.04768969118595123,1.0,1.0,20.0,20.0,4.0,3.0,16.0,3.0
54.400001525878906,-3.299999952316284,0.0,3.0,5.0,-2.5,-0.75,0.25,0.24772056937217712,-0.015027166344225407,1.0,3.0,20.0,20.0,4.0,3.0,16.0,3.0
3.799999952316284,0.30000001192092896,0.0,0.0,6.0,11.0,0.75,0.0,0.1435079574584961,0.01132957637310028,1.0,2.0,20.0,19.0,0.0,3.0,16.0,3.0
