x,y,z,dyn_prop,id,rcs,vx,vy,vx_comp,vy_comp,is_quality_valid,ambig_state,x_rms,y_rms,invalid_state,pdh0,vx_rms,vy_rms
16.0,-1.7000000476837158,0.0,2.0,0.0,-1.0,-1.5,0.0,0.18072086572647095,-0.019201593473553658,1.0,3.0,19.0,20.0,0.0,1.0,16.0,3.0
16.799999237060547,19.5,0.0,0.0,1.0,-4.5,14.75,0.0,0.23129713535308838,0.2684699296951294,1.0,1.0,19.0,19.0,4.0,3.0,18.0,3.0
