x,y,z,dyn_prop,id,rcs,vx,vy,vx_comp,vy_comp,is_quality_valid,ambig_state,x_rms,y_rms,invalid_state,pdh0,vx_rms,vy_rms
16.200000762939453,0.5,0.0,3.0,0.0,8.5,0.5,0.5,0.4246235489845276,0.013105664402246475,1.0,3.0,19.0,19.0,0.0,1.0,16.0,3.0
16.200000762939453,2.0999999046325684,0.0,0.0,1.0,2.5,1.5,0.0,0.17260120809078217,0.022374227643013,1.0,3.0,20.0,19.0,0.0,1.0,16.0,3.0
48.599998474121094,-1.100000023841858,0.0,3.0,2.0,9.5,0.25,1.25,0.7993621230125427,-0.018092559650540352,1.0,3.0,19.0,19.0,0.0,1.0,16.0,3.0
80.19999694824219,-38.70000076293945,0.0,2.0,3.0,-0.5,-6.25,0.0,0.06061909347772598,-0.02925136126577854,1.0,1.0,21.0,22.0,4.0,3.0,16.0,3.0
94.4000015258789,-45.29999923706055,0.0,2.0,4.0,2.0,-6.25,0.0,0.0336194671690464,-0.01613306999206543,1.0,1.0,21.0,23.0,0.0,1.0,16.0,3.0
