x,y,z,dyn_prop,id,rcs,vx,vy,vx_comp,vy_comp,is_quality_valid,ambig_state,x_rms,y_rms,invalid_state,pdh0,vx_rms,vy_rms
2.799999952316284,-2.299999952316284,0.0,2.0,0.0,-3.5,-9.75,0.0,0.36901772022247314,-0.3031216859817505,1.0,1.0,19.0,19.0,0.0,1.0,17.0,3.0
38.400001525878906,-29.299999237060547,0.0,2.0,1.0,-1.5,-9.5,0.0,0.09842109680175781,-0.07509733736515045,1.0,1.0,20.0,20.0,4.0,3.0,17.0,3.0
