x,y,z,dyn_prop,id,rcs,vx,vy,vx_comp,vy_comp,is_quality_valid,ambig_state,x_rms,y_rms,invalid_state,pdh0,vx_rms,vy_rms
95.80000305175781,22.700000762939453,0.0,0.0,0.0,1.5,2.75,0.0,0.2500525116920471,0.05925043672323227,1.0,1.0,20.0,22.0,0.0,1.0,16.0,3.0
