x,y,z,dyn_prop,id,rcs,vx,vy,vx_comp,vy_comp,is_quality_valid,ambig_state,x_rms,y_rms,invalid_state,pdh0,vx_rms,vy_rms
28.799999237060547,15.5,0.0,0.0,0.0,5.0,6.5,0.0,0.2812405526638031,0.1513621062040329,1.0,1.0,20.0,20.0,0.0,1.0,16.0,3.0
49.599998474121094,25.700000762939453,0.0,0.0,1.0,-2.5,6.25,0.0,0.2798537313938141,0.14500486850738525,1.0,1.0,20.0,20.0,4.0,3.0,16.0,3.0
