x,y,z,dyn_prop,id,rcs,vx,vy,vx_comp,vy_comp,is_quality_valid,ambig_state,x_rms,y_rms,invalid_state,pdh0,vx_rms,vy_rms
27.399999618530273,23.700000762939453,0.0,0.0,0.0,-1.0,10.75,0.0,0.3894319236278534,0.33684438467025757,1.0,1.0,20.0,20.0,4.0,3.0,17.0,3.0
