x,y,z,dyn_prop,id,rcs,vx,vy,vx_comp,vy_comp,is_quality_valid,ambig_state,x_rms,y_rms,invalid_state,pdh0,vx_rms,vy_rms
4.800000190734863,0.8999999761581421,0.0,0.0,0.0,-4.5,2.25,0.0,0.19007174670696259,0.03563844785094261,1.0,1.0,19.0,19.0,0.0,1.0,16.0,3.0
3.799999952316284,12.5,0.0,4.0,1.0,6.5,0.0,0.0,-3.4562931060791016,-11.369385719299316,1.0,0.0,0.0,0.0,7.0,6.0,0.0,0.0
16.0,0.5,0.0,1.0,2.0,9.0,0.25,0.5,0.16673457622528076,0.005210455507040024,1.0,3.0,19.0,19.0,0.0,1.0,16.0,3.0
15.800000190734863,-2.700000047683716,0.0,4.0,3.0,2.5,0.0,0.0,2.360835313796997,-0.4034338891506195,1.0,0.0,0.0,0.0,7.0,6.0,0.0,0.0
16.0,-3.299999952316284,0.0,4.0,4.0,1.5,0.0,0.0,2.7549479007720947,-0.5682079792022705,1.0,0.0,0.0,0.0,7.0,6.0,0.0,0.0
