x,y,z,dyn_prop,id,rcs,vx,vy,vx_comp,vy_comp,is_quality_valid,ambig_state,x_rms,y_rms,invalid_state,pdh0,vx_rms,vy_rms
3.0,-6.699999809265137,0.0,4.0,0.0,14.5,0.0,0.0,4.534207344055176,-10.126398086547852,1.0,0.0,0.0,0.0,7.0,6.0,0.0,0.0
7.199999809265137,-0.10000000149011612,0.0,1.0,1.0,-4.0,-0.25,0.0,0.2799406945705414,-0.0038880654610693455,1.0,3.0,21.0,19.0,0.0,1.0,16.0,3.0
7.199999809265137,-0.30000001192092896,0.0,1.0,2.0,-3.5,-0.75,0.0,0.112963005900383,-0.004706792067736387,1.0,3.0,21.0,19.0,0.0,1.0,16.0,3.0
