x,y,z,dyn_prop,id,rcs,vx,vy,vx_comp,vy_comp,is_quality_valid,ambig_state,x_rms,y_rms,invalid_state,pdh0,vx_rms,vy_rms
7.199999809265137,0.10000000149011612,0.0,1.0,0.0,-2.0,0.0,0.0,0.20256616175174713,0.0028134190943092108,1.0,3.0,19.0,19.0,0.0,1.0,16.0,3.0
3.799999952316284,9.5,0.0,4.0,1.0,-4.0,0.0,0.0,-4.077775001525879,-10.194437980651855,1.0,0.0,0.0,0.0,7.0,6.0,0.0,0.0
