x,y,z,dyn_prop,id,rcs,vx,vy,vx_comp,vy_comp,is_quality_valid,ambig_state,x_rms,y_rms,invalid_state,pdh0,vx_rms,vy_rms
7.0,0.10000000149011612,0.0,1.0,0.0,0.0,0.0,0.0,0.1916978359222412,0.0027385407593101263,1.0,3.0,19.0,19.0,0.0,1.0,16.0,3.0
2.5999999046325684,-6.900000095367432,0.0,4.0,1.0,16.0,0.0,0.0,3.9941422939300537,-10.59984016418457,1.0,0.0,0.0,0.0,7.0,6.0,0.0,0.0
