x,y,z,dyn_prop,id,rcs,vx,vy,vx_comp,vy_comp,is_quality_valid,ambig_state,x_rms,y_rms,invalid_state,pdh0,vx_rms,vy_rms
12.199999809265137,-28.100000381469727,0.0,4.0,0.0,9.0,0.0,0.0,4.426351070404053,-10.195121765136719,1.0,0.0,0.0,0.0,7.0,6.0,0.0,0.0
7.199999809265137,0.10000000149011612,0.0,1.0,1.0,-2.5,-0.25,0.0,-0.07968662679195404,-0.0011067588347941637,1.0,3.0,21.0,19.0,8.0,6.0,16.0,3.0
7.199999809265137,0.10000000149011612,0.0,1.0,2.0,-3.0,0.0,0.0,0.17026515305042267,0.002364794025197625,1.0,3.0,21.0,19.0,8.0,6.0,16.0,3.0
7.199999809265137,-0.10000000149011612,0.0,1.0,3.0,-3.5,-0.5,0.0,0.0028185963165014982,-3.914717672159895e-05,1.0,3.0,21.0,19.0,8.0,6.0,16.0,3.0
