x,y,z,dyn_prop,id,rcs,vx,vy,vx_comp,vy_comp,is_quality_valid,ambig_state,x_rms,y_rms,invalid_state,pdh0,vx_rms,vy_rms
7.199999809265137,0.699999988079071,0.0,0.0,0.0,-4.5,1.25,0.0,0.41487833857536316,0.04033539444208145,1.0,3.0,20.0,19.0,0.0,1.0,16.0,3.0
12.199999809265137,-26.299999237060547,0.0,4.0,1.0,5.5,0.0,0.0,4.614975452423096,-9.948676109313965,1.0,0.0,0.0,0.0,7.0,6.0,0.0,0.0
15.800000190734863,-31.100000381469727,0.0,4.0,2.0,7.0,0.0,0.0,4.887756824493408,-9.620837211608887,1.0,0.0,0.0,0.0,7.0,6.0,0.0,0.0
15.199999809265137,-34.29999923706055,0.0,4.0,3.0,14.5,0.0,0.0,4.475501537322998,-10.099323272705078,1.0,0.0,0.0,0.0,7.0,6.0,0.0,0.0
7.0,0.10000000149011612,0.0,1.0,4.0,-2.0,0.0,0.0,0.1587558388710022,0.002267940668389201,1.0,3.0,21.0,19.0,8.0,6.0,16.0,3.0
