x,y,z,dyn_prop,id,rcs,vx,vy,vx_comp,vy_comp,is_quality_valid,ambig_state,x_rms,y_rms,invalid_state,pdh0,vx_rms,vy_rms
7.400000095367432,-15.300000190734863,0.0,4.0,0.0,4.0,0.0,0.0,4.730103492736816,-9.77980899810791,1.0,0.0,0.0,0.0,7.0,6.0,0.0,0.0
8.800000190734863,16.899999618530273,0.0,4.0,1.0,-4.5,0.0,0.0,-4.816172122955322,-9.249239921569824,1.0,0.0,0.0,0.0,7.0,6.0,0.0,0.0
14.600000381469727,-14.699999809265137,0.0,2.0,2.0,-2.0,-12.25,0.0,0.029213350266218185,-0.029413439333438873,1.0,1.0,19.0,19.0,0.0,1.0,18.0,3.0
14.199999809265137,-15.100000381469727,0.0,2.0,3.0,-2.5,-12.75,0.0,0.10914663970470428,-0.11606438457965851,1.0,1.0,20.0,20.0,0.0,1.0,18.0,3.0
15.199999809265137,-30.5,0.0,4.0,4.0,10.0,0.0,0.0,4.819324493408203,-9.670354843139648,1.0,0.0,0.0,0.0,7.0,6.0,0.0,0.0
15.399999618530273,-33.29999923706055,0.0,4.0,5.0,15.5,0.0,0.0,4.595022678375244,-9.935992240905762,1.0,0.0,0.0,0.0,7.0,6.0,0.0,0.0
