x,y,z,dyn_prop,id,rcs,vx,vy,vx_comp,vy_comp,is_quality_valid,ambig_state,x_rms,y_rms,invalid_state,pdh0,vx_rms,vy_rms
3.4000000953674316,11.300000190734863,0.0,4.0,0.0,1.0,0.0,0.0,-3.258608341217041,-10.83008098602295,1.0,0.0,0.0,0.0,7.0,6.0,0.0,0.0
7.199999809265137,-14.5,0.0,4.0,1.0,10.0,0.0,0.0,4.805038928985596,-9.6768159866333,1.0,0.0,0.0,0.0,7.0,6.0,0.0,0.0
16.399999618530273,29.100000381469727,0.0,4.0,2.0,10.5,0.0,0.0,-5.0161004066467285,-8.900519371032715,1.0,0.0,0.0,0.0,7.0,6.0,0.0,0.0
14.399999618530273,-32.70000076293945,0.0,4.0,3.0,15.0,0.0,0.0,4.442680358886719,-10.08858585357666,1.0,0.0,0.0,0.0,7.0,6.0,0.0,0.0
