x,y,z,dyn_prop,id,rcs,vx,vy,vx_comp,vy_comp,is_quality_valid,ambig_state,x_rms,y_rms,invalid_state,pdh0,vx_rms,vy_rms
6.800000190734863,-13.899999618530273,0.0,4.0,0.0,-2.0,0.0,0.0,4.7593255043029785,-9.728619575500488,1.0,0.0,0.0,0.0,7.0,6.0,0.0,0.0
12.600000381469727,-24.100000381469727,0.0,4.0,1.0,1.0,0.0,0.0,4.954843521118164,-9.477123260498047,1.0,0.0,0.0,0.0,7.0,6.0,0.0,0.0
17.200000762939453,-24.899999618530273,0.0,2.0,2.0,3.0,-17.75,0.0,-0.06545324623584747,0.09475497901439667,1.0,1.0,20.0,20.0,0.0,1.0,20.0,3.0
14.800000190734863,29.100000381469727,0.0,4.0,3.0,10.0,0.0,0.0,-4.7435302734375,-9.326805114746094,1.0,0.0,0.0,0.0,7.0,6.0,0.0,0.0
16.200000762939453,-28.5,0.0,4.0,4.0,10.0,0.0,0.0,5.190633296966553,-9.131670951843262,1.0,0.0,0.0,0.0,7.0,6.0,0.0,0.0
15.0,-31.700000762939453,0.0,4.0,5.0,20.5,0.0,0.0,4.659474849700928,-9.847023963928223,1.0,0.0,0.0,0.0,7.0,6.0,0.0,0.0
