x,y,z,dyn_prop,id,rcs,vx,vy,vx_comp,vy_comp,is_quality_valid,ambig_state,x_rms,y_rms,invalid_state,pdh0,vx_rms,vy_rms
4.0,12.5,0.0,4.0,0.0,0.0,0.0,0.0,-3.419807195663452,-10.686897277832031,1.0,0.0,0.0,0.0,7.0,6.0,0.0,0.0
13.0,-15.300000190734863,0.0,2.0,1.0,-3.0,-14.25,0.0,0.031579773873090744,-0.037166960537433624,1.0,1.0,19.0,19.0,10.0,3.0,18.0,3.0
10.800000190734863,-23.100000381469727,0.0,4.0,2.0,3.5,0.0,0.0,4.620983600616455,-9.883769035339355,1.0,0.0,0.0,0.0,7.0,6.0,0.0,0.0
15.199999809265137,-23.299999237060547,0.0,2.0,3.0,6.0,-18.75,0.0,-0.05757187306880951,0.08825161308050156,1.0,1.0,19.0,19.0,0.0,1.0,19.0,3.0
15.199999809265137,-24.700000762939453,0.0,2.0,4.0,-0.5,-19.75,0.0,-0.026888828724622726,0.043694354593753815,1.0,1.0,21.0,21.0,16.0,1.0,21.0,3.0
16.399999618530273,-27.299999237060547,0.0,2.0,5.0,3.5,-20.5,0.0,-0.0998988226056099,0.16629499197006226,1.0,1.0,21.0,21.0,0.0,1.0,21.0,3.0
14.800000190734863,-30.899999618530273,0.0,4.0,6.0,14.0,0.0,0.0,4.693796157836914,-9.799884796142578,1.0,0.0,0.0,0.0,7.0,6.0,0.0,0.0
22.0,-27.700000762939453,0.0,2.0,7.0,3.5,-15.25,0.0,0.020169001072645187,-0.025394607335329056,1.0,1.0,20.0,20.0,0.0,1.0,19.0,3.0
