x,y,z,dyn_prop,id,rcs,vx,vy,vx_comp,vy_comp,is_quality_valid,ambig_state,x_rms,y_rms,invalid_state,pdh0,vx_rms,vy_rms
3.5999999046325684,13.5,0.0,4.0,0.0,20.0,0.0,0.0,-2.9371495246887207,-11.01430892944336,1.0,0.0,0.0,0.0,7.0,6.0,0.0,0.0
13.199999809265137,-13.899999618530273,0.0,2.0,1.0,16.0,-12.75,0.0,0.05271539464592934,-0.055510908365249634,1.0,1.0,19.0,19.0,0.0,1.0,18.0,3.0
13.199999809265137,-22.100000381469727,0.0,2.0,2.0,4.0,-20.5,0.0,-0.06663020700216293,0.11155510693788528,1.0,1.0,20.0,20.0,0.0,1.0,21.0,3.0
14.600000381469727,-22.299999237060547,0.0,2.0,3.0,1.0,-17.75,0.0,0.22526516020298004,-0.34406933188438416,1.0,2.0,20.0,20.0,0.0,1.0,19.0,3.0
17.200000762939453,-22.899999618530273,0.0,2.0,4.0,0.0,-16.25,0.0,-0.028644368052482605,0.03813697770237923,1.0,1.0,21.0,21.0,0.0,1.0,19.0,3.0
15.399999618530273,-26.5,0.0,2.0,5.0,6.0,-20.25,0.0,0.13881663978099823,-0.23887282609939575,1.0,2.0,20.0,20.0,0.0,1.0,20.0,3.0
16.799999237060547,28.899999618530273,0.0,2.0,6.0,11.5,-21.75,0.0,-10.572664260864258,-18.187501907348633,1.0,1.0,20.0,19.0,0.0,1.0,20.0,3.0
21.399999618530273,-26.899999618530273,0.0,2.0,7.0,8.5,-15.0,0.0,0.11093680560588837,-0.1394486129283905,1.0,2.0,19.0,19.0,10.0,3.0,18.0,3.0
3.5999999046325684,0.10000000149011612,0.0,1.0,8.0,-4.5,0.5,0.0,0.5113295316696167,0.014203598722815514,1.0,1.0,21.0,19.0,0.0,3.0,16.0,3.0
