x,y,z,dyn_prop,id,rcs,vx,vy,vx_comp,vy_comp,is_quality_valid,ambig_state,x_rms,y_rms,invalid_state,pdh0,vx_rms,vy_rms
13.0,-11.899999618530273,0.0,6.0,0.0,11.0,-11.25,0.0,-0.013529711402952671,0.012384889647364616,1.0,3.0,19.0,20.0,0.0,1.0,17.0,3.0
9.600000381469727,-20.5,0.0,4.0,1.0,0.5,0.0,0.0,4.630190372467041,-9.887382507324219,1.0,0.0,0.0,0.0,7.0,6.0,0.0,0.0
15.399999618530273,-21.700000762939453,0.0,6.0,2.0,1.0,-17.5,0.0,-0.13385039567947388,0.1886073797941208,1.0,3.0,20.0,20.0,0.0,1.0,20.0,3.0
17.200000762939453,-21.100000381469727,0.0,2.0,3.0,7.0,-15.0,0.0,-0.02778385393321514,0.03408367931842804,1.0,1.0,19.0,19.0,0.0,1.0,18.0,3.0
13.800000190734863,-28.700000762939453,0.0,4.0,4.0,16.0,0.0,0.0,4.709865093231201,-9.79515552520752,1.0,0.0,0.0,0.0,7.0,6.0,0.0,0.0
7.0,0.10000000149011612,0.0,1.0,5.0,-3.5,0.25,0.0,0.411700576543808,0.005881437100470066,1.0,3.0,21.0,19.0,0.0,1.0,16.0,3.0
