x,y,z,dyn_prop,id,rcs,vx,vy,vx_comp,vy_comp,is_quality_valid,ambig_state,x_rms,y_rms,invalid_state,pdh0,vx_rms,vy_rms
13.0,-10.300000190734863,0.0,6.0,0.0,14.5,-9.75,0.0,-0.0038071097806096077,0.00301640247926116,1.0,3.0,19.0,19.0,0.0,1.0,17.0,3.0
14.199999809265137,-9.699999809265137,0.0,6.0,1.0,-4.0,-8.75,0.0,-0.20703637599945068,0.14142626523971558,1.0,3.0,19.0,19.0,0.0,1.0,17.0,3.0
10.800000190734863,-19.100000381469727,0.0,4.0,2.0,1.5,0.0,0.0,5.170382976531982,-9.143917083740234,1.0,0.0,0.0,0.0,7.0,6.0,0.0,0.0
15.600000381469727,-18.899999618530273,0.0,6.0,3.0,0.5,-15.0,0.0,-0.11166543513536453,0.13528697192668915,1.0,3.0,20.0,20.0,0.0,1.0,18.0,3.0
17.0,-18.700000762939453,0.0,6.0,4.0,6.0,-13.75,0.0,-0.1586836278438568,0.17455199360847473,1.0,3.0,19.0,19.0,0.0,1.0,18.0,3.0
21.600000381469727,-19.299999237060547,0.0,2.0,5.0,-3.0,-11.0,0.0,-0.029901035130023956,0.026717128232121468,1.0,1.0,19.0,19.0,4.0,3.0,17.0,3.0
18.799999237060547,-23.299999237060547,0.0,2.0,6.0,2.0,-15.0,0.0,0.02167951688170433,-0.02686876244843006,1.0,1.0,20.0,20.0,0.0,1.0,19.0,3.0
13.600000381469727,-27.100000381469727,0.0,4.0,7.0,16.0,0.0,0.0,4.829216480255127,-9.622923851013184,1.0,0.0,0.0,0.0,7.0,6.0,0.0,0.0
21.200000762939453,-23.5,0.0,2.0,8.0,7.0,-13.25,0.0,0.112249955534935,-0.12442799657583237,1.0,2.0,19.0,19.0,0.0,1.0,18.0,3.0
