x,y,z,dyn_prop,id,rcs,vx,vy,vx_comp,vy_comp,is_quality_valid,ambig_state,x_rms,y_rms,invalid_state,pdh0,vx_rms,vy_rms
13.199999809265137,-7.300000190734863,0.0,6.0,0.0,11.0,-7.25,0.0,-0.25859636068344116,0.14301162958145142,1.0,3.0,19.0,19.0,0.0,1.0,17.0,3.0
11.0,-16.100000381469727,0.0,2.0,1.0,-0.5,-17.75,0.0,-0.013837735168635845,0.020253414288163185,1.0,1.0,19.0,19.0,0.0,1.0,19.0,3.0
12.600000381469727,-15.899999618530273,0.0,6.0,2.0,5.0,-14.75,0.0,0.2180282026529312,-0.27513083815574646,1.0,3.0,19.0,20.0,10.0,3.0,18.0,3.0
15.600000381469727,-15.5,0.0,6.0,3.0,-2.0,-12.5,0.0,-0.18385140597820282,0.18267285823822021,1.0,3.0,19.0,19.0,0.0,1.0,18.0,3.0
14.399999618530273,-17.899999618530273,0.0,6.0,4.0,3.5,-14.5,0.0,0.2325105518102646,-0.2890235483646393,1.0,3.0,20.0,20.0,10.0,3.0,19.0,3.0
16.0,-16.700000762939453,0.0,6.0,5.0,4.0,-13.0,0.0,-0.12958629429340363,0.13525569438934326,1.0,3.0,20.0,20.0,0.0,1.0,18.0,3.0
16.799999237060547,-16.899999618530273,0.0,2.0,6.0,7.0,-12.0,0.0,0.13976174592971802,-0.14059364795684814,1.0,1.0,19.0,19.0,0.0,1.0,18.0,3.0
19.200000762939453,-21.299999237060547,0.0,2.0,7.0,-2.5,-13.0,0.0,0.2273484766483307,-0.2522146999835968,1.0,2.0,20.0,20.0,4.0,3.0,18.0,3.0
22.0,-20.100000381469727,0.0,6.0,8.0,9.0,-11.25,0.0,-0.03439720347523689,0.03142653778195381,1.0,3.0,19.0,19.0,0.0,1.0,17.0,3.0
