x,y,z,dyn_prop,id,rcs,vx,vy,vx_comp,vy_comp,is_quality_valid,ambig_state,x_rms,y_rms,invalid_state,pdh0,vx_rms,vy_rms
27.799999237060547,27.899999618530273,0.0,0.0,0.0,-2.5,12.75,0.0,0.23544226586818695,0.2362891584634781,1.0,1.0,21.0,21.0,4.0,3.0,18.0,3.0
