x,y,z,dyn_prop,id,rcs,vx,vy,vx_comp,vy_comp,is_quality_valid,ambig_state,x_rms,y_rms,invalid_state,pdh0,vx_rms,vy_rms
29.399999618530273,40.70000076293945,0.0,0.0,0.0,9.0,17.75,0.0,0.2344888150691986,0.324615478515625,1.0,1.0,22.0,21.0,0.0,1.0,20.0,3.0
76.0,48.70000076293945,0.0,0.0,1.0,5.5,8.25,0.0,0.3657187521457672,0.23434874415397644,1.0,1.0,21.0,22.0,0.0,1.0,17.0,3.0
16.0,-3.0999999046325684,0.0,4.0,2.0,7.0,0.0,0.0,2.6405513286590576,-0.5116068124771118,1.0,0.0,0.0,0.0,7.0,6.0,0.0,0.0
16.0,3.5,0.0,4.0,3.0,-0.5,0.0,0.0,-2.3260514736175537,-0.5088237524032593,1.0,0.0,0.0,0.0,7.0,6.0,0.0,0.0
47.599998474121094,8.699999809265137,0.0,4.0,4.0,-0.5,0.0,0.0,-1.9216386079788208,-0.3512238562107086,1.0,0.0,0.0,0.0,7.0,6.0,0.0,0.0
48.0,7.099999904632568,0.0,1.0,5.0,2.5,-1.25,0.0,-2.7384557723999023,-0.4050632417201996,1.0,0.0,21.0,20.0,3.0,6.0,16.0,3.0
48.20000076293945,6.699999809265137,0.0,1.0,6.0,-0.5,-1.25,0.0,-2.6355903148651123,-0.3663579523563385,1.0,0.0,21.0,20.0,3.0,6.0,16.0,3.0
