x,y,z,dyn_prop,id,rcs,vx,vy,vx_comp,vy_comp,is_quality_valid,ambig_state,x_rms,y_rms,invalid_state,pdh0,vx_rms,vy_rms
16.200000762939453,0.699999988079071,0.0,1.0,0.0,1.5,0.25,0.5,0.026767395436763763,0.0011566156754270196,1.0,3.0,19.0,19.0,0.0,1.0,16.0,3.0
16.399999618530273,0.699999988079071,0.0,0.0,1.0,-2.5,0.5,0.5,0.282663494348526,0.01206490583717823,1.0,3.0,19.0,20.0,0.0,1.0,16.0,3.0
48.20000076293945,-3.700000047683716,0.0,1.0,2.0,10.0,-1.0,1.5,0.14746113121509552,-0.011319630779325962,1.0,3.0,19.0,19.0,0.0,1.0,16.0,3.0
15.800000190734863,-2.9000000953674316,0.0,4.0,3.0,0.5,0.0,0.0,2.52095890045166,-0.46270763874053955,1.0,0.0,0.0,0.0,7.0,6.0,0.0,0.0
