x,y,z,dyn_prop,id,rcs,vx,vy,vx_comp,vy_comp,is_quality_valid,ambig_state,x_rms,y_rms,invalid_state,pdh0,vx_rms,vy_rms
3.5999999046325684,0.10000000149011612,0.0,5.0,0.0,4.0,-0.5,0.0,-0.2494761198759079,-0.006929892580956221,1.0,3.0,19.0,19.0,0.0,1.0,16.0,3.0
24.399999618530273,13.5,0.0,6.0,1.0,9.5,-4.5,-0.25,-0.18888796865940094,-0.1045076921582222,1.0,3.0,19.0,19.0,0.0,1.0,16.0,3.0
21.200000762939453,34.5,0.0,2.0,2.0,20.0,-13.0,0.0,-0.03946102783083916,-0.06421723961830139,1.0,1.0,20.0,19.0,0.0,1.0,19.0,3.0
44.0,-29.700000762939453,0.0,0.0,3.0,-1.0,5.25,0.0,-0.02610575407743454,0.01762138493359089,1.0,1.0,20.0,20.0,4.0,3.0,17.0,3.0
71.0,-36.70000076293945,0.0,0.0,4.0,-1.5,4.0,0.0,-0.033210501074790955,0.017166556790471077,1.0,1.0,21.0,22.0,4.0,3.0,16.0,3.0
3.5999999046325684,0.10000000149011612,0.0,5.0,5.0,7.0,-0.5,0.0,-0.2494761198759079,-0.006929892580956221,1.0,3.0,20.0,19.0,0.0,1.0,16.0,3.0
87.19999694824219,19.700000762939453,0.0,4.0,6.0,1.0,0.0,0.0,1.7238154411315918,0.38943997025489807,1.0,0.0,0.0,0.0,7.0,6.0,0.0,0.0
