x,y,z,dyn_prop,id,rcs,vx,vy,vx_comp,vy_comp,is_quality_valid,ambig_state,x_rms,y_rms,invalid_state,pdh0,vx_rms,vy_rms
3.5999999046325684,0.10000000149011612,0.0,5.0,0.0,0.5,-0.25,0.0,-0.004451663699001074,-0.0001236573443748057,1.0,3.0,19.0,19.0,0.0,1.0,16.0,3.0
18.600000381469727,3.0999999046325684,0.0,2.0,1.0,-4.5,-1.5,0.0,-0.15170128643512726,-0.02528354525566101,1.0,3.0,19.0,19.0,4.0,3.0,16.0,3.0
22.0,1.7000000476837158,0.0,5.0,2.0,1.5,-0.75,-0.25,-0.13150827586650848,-0.010162003338336945,1.0,3.0,19.0,19.0,0.0,1.0,16.0,3.0
24.399999618530273,12.899999618530273,0.0,6.0,3.0,9.0,-4.25,-0.25,-0.13652068376541138,-0.07217691093683243,1.0,3.0,19.0,19.0,0.0,1.0,16.0,3.0
22.799999237060547,32.900001525878906,0.0,2.0,4.0,25.0,-11.5,0.0,-0.01976129598915577,-0.028515206649899483,1.0,1.0,20.0,20.0,0.0,1.0,19.0,3.0
3.5999999046325684,0.10000000149011612,0.0,5.0,5.0,2.0,-0.25,0.0,-0.004451663699001074,-0.0001236573443748057,1.0,3.0,21.0,19.0,0.0,1.0,16.0,3.0
