x,y,z,dyn_prop,id,rcs,vx,vy,vx_comp,vy_comp,is_quality_valid,ambig_state,x_rms,y_rms,invalid_state,pdh0,vx_rms,vy_rms
3.5999999046325684,0.10000000149011612,0.0,1.0,0.0,0.0,-0.25,0.0,0.0053547886200249195,0.00014874414773657918,1.0,3.0,19.0,19.0,0.0,1.0,16.0,3.0
11.800000190734863,6.300000190734863,0.0,2.0,1.0,-3.5,-4.25,0.0,0.08311916887760162,0.04437718167901039,1.0,3.0,19.0,20.0,0.0,1.0,16.0,3.0
16.0,6.300000190734863,0.0,2.0,2.0,0.0,-3.25,0.0,-0.02502834051847458,-0.009854909963905811,1.0,3.0,20.0,20.0,0.0,1.0,16.0,3.0
9.0,18.700000762939453,0.0,4.0,3.0,2.0,0.0,0.0,3.172362804412842,6.591464519500732,1.0,0.0,0.0,0.0,7.0,6.0,0.0,0.0
27.0,27.299999237060547,0.0,2.0,4.0,-1.0,-8.25,0.0,-0.012853325344622135,-0.012996140867471695,1.0,1.0,20.0,20.0,4.0,3.0,18.0,3.0
