x,y,z,dyn_prop,id,rcs,vx,vy,vx_comp,vy_comp,is_quality_valid,ambig_state,x_rms,y_rms,invalid_state,pdh0,vx_rms,vy_rms
2.200000047683716,0.10000000149011612,0.0,5.0,0.0,-4.5,0.0,0.0,-0.00015277077909559011,-6.9441266532521695e-06,1.0,3.0,19.0,19.0,0.0,1.0,16.0,3.0
2.0,1.5,0.0,6.0,1.0,6.5,-2.0,0.0,-1.2801196575164795,-0.9600896835327148,1.0,3.0,19.0,19.0,0.0,1.0,17.0,3.0
2.0,2.0999999046325684,0.0,6.0,2.0,3.5,-3.0,0.0,-1.4269684553146362,-1.4983168840408325,1.0,3.0,19.0,19.0,0.0,1.0,18.0,3.0
8.600000381469727,-5.5,0.0,1.0,3.0,-2.0,0.0,0.0,-8.53776145959273e-05,5.460195825435221e-05,1.0,3.0,19.0,19.0,16.0,1.0,17.0,3.0
12.399999618530273,-29.299999237060547,0.0,4.0,4.0,11.0,0.0,0.0,-5.742331268265843e-06,1.356857410428347e-05,1.0,0.0,0.0,0.0,7.0,6.0,0.0,0.0
16.200000762939453,-29.5,0.0,4.0,5.0,10.0,0.0,0.0,-1.4769218068977352e-05,2.689456414373126e-05,1.0,0.0,0.0,0.0,7.0,6.0,0.0,0.0
24.799999237060547,-30.100000381469727,0.0,3.0,6.0,7.5,0.0,0.0,-3.7529127439484e-05,4.55494700872805e-05,1.0,3.0,20.0,20.0,10.0,3.0,18.0,3.0
2.4000000953674316,0.30000001192092896,0.0,5.0,7.0,-1.5,0.0,0.0,-0.00015448032354470342,-1.931004226207733e-05,1.0,3.0,21.0,19.0,0.0,1.0,16.0,3.0
