x,y,z,dyn_prop,id,rcs,vx,vy,vx_comp,vy_comp,is_quality_valid,ambig_state,x_rms,y_rms,invalid_state,pdh0,vx_rms,vy_rms
2.0,1.899999976158142,0.0,6.0,0.0,3.5,-2.5,0.0,-1.3154369592666626,-1.2496651411056519,1.0,3.0,19.0,19.0,0.0,1.0,17.0,3.0
8.600000381469727,-5.5,0.0,1.0,1.0,-2.0,0.0,0.0,-0.0011384926037862897,0.0007281057187356055,1.0,3.0,19.0,19.0,0.0,1.0,17.0,3.0
19.600000381469727,9.100000381469727,0.0,3.0,2.0,-1.0,0.0,0.0,-0.0018993025878444314,-0.0008818191126920283,1.0,3.0,19.0,19.0,0.0,1.0,16.0,3.0
12.800000190734863,17.700000762939453,0.0,0.0,3.0,4.0,6.75,0.0,2.3168647289276123,3.203789472579956,1.0,1.0,20.0,20.0,0.0,1.0,18.0,3.0
21.200000762939453,-30.299999237060547,0.0,3.0,4.0,6.5,0.0,0.0,-0.00036153700784780085,0.000516725005581975,1.0,3.0,21.0,21.0,16.0,1.0,18.0,3.0
24.799999237060547,-30.5,0.0,3.0,5.0,7.5,0.0,0.0,-0.0004884954541921616,0.0006007705815136433,1.0,3.0,20.0,20.0,10.0,3.0,18.0,3.0
