x,y,z,dyn_prop,id,rcs,vx,vy,vx_comp,vy_comp,is_quality_valid,ambig_state,x_rms,y_rms,invalid_state,pdh0,vx_rms,vy_rms
2.0,1.7000000476837158,0.0,6.0,0.0,-0.5,-2.25,0.0,-1.3078804016113281,-1.1116983890533447,1.0,3.0,20.0,20.0,0.0,1.0,17.0,3.0
8.600000381469727,-5.5,0.0,1.0,1.0,-2.0,0.0,0.0,-0.001258384552784264,0.0008047808078117669,1.0,3.0,19.0,19.0,0.0,1.0,17.0,3.0
14.199999809265137,34.29999923706055,0.0,4.0,2.0,16.5,0.0,0.0,-0.0005747912218794227,-0.0013884041691198945,1.0,0.0,0.0,0.0,7.0,6.0,0.0,0.0
36.400001525878906,11.5,0.0,3.0,3.0,0.0,0.0,0.0,-0.0022250828333199024,-0.0007029794505797327,1.0,3.0,19.0,19.0,0.0,1.0,16.0,3.0
24.799999237060547,-30.5,0.0,3.0,4.0,8.5,0.0,0.0,-0.0005399376968853176,0.0006640362553298473,1.0,3.0,20.0,20.0,10.0,3.0,18.0,3.0
