x,y,z,dyn_prop,id,rcs,vx,vy,vx_comp,vy_comp,is_quality_valid,ambig_state,x_rms,y_rms,invalid_state,pdh0,vx_rms,vy_rms
2.200000047683716,0.699999988079071,0.0,5.0,0.0,-3.5,-0.5,0.0,-0.4553997218608856,-0.1448999047279358,1.0,3.0,19.0,19.0,0.0,1.0,16.0,3.0
2.200000047683716,-0.5,0.0,5.0,1.0,-1.0,0.75,0.0,0.711957573890686,-0.16180852055549622,1.0,3.0,19.0,19.0,0.0,1.0,16.0,3.0
2.0,1.2999999523162842,0.0,6.0,2.0,2.5,-1.5,0.0,-1.0556402206420898,-0.6861660480499268,1.0,3.0,19.0,19.0,0.0,1.0,17.0,3.0
8.600000381469727,-5.5,0.0,1.0,3.0,-4.5,0.0,0.0,-0.0007729885983280838,0.0004943531239405274,1.0,3.0,19.0,19.0,0.0,1.0,17.0,3.0
7.599999904632568,-20.5,0.0,4.0,4.0,10.5,0.0,0.0,-2.3842130758566782e-05,6.43110106466338e-05,1.0,0.0,0.0,0.0,7.0,6.0,0.0,0.0
12.800000190734863,-29.299999237060547,0.0,4.0,5.0,12.5,0.0,0.0,-5.998036067467183e-05,0.00013729880447499454,1.0,0.0,0.0,0.0,7.0,6.0,0.0,0.0
24.799999237060547,-30.5,0.0,3.0,6.0,8.5,0.0,0.0,-0.0003316678339615464,0.00040789792547002435,1.0,3.0,20.0,20.0,10.0,3.0,18.0,3.0
