x,y,z,dyn_prop,id,rcs,vx,vy,vx_comp,vy_comp,is_quality_valid,ambig_state,x_rms,y_rms,invalid_state,pdh0,vx_rms,vy_rms
2.200000047683716,0.10000000149011612,0.0,5.0,0.0,-0.5,0.0,0.0,-0.00010780356387840584,-4.900161911791656e-06,1.0,3.0,19.0,19.0,0.0,1.0,16.0,3.0
2.200000047683716,0.10000000149011612,0.0,5.0,1.0,1.5,0.0,0.0,-0.00010780356387840584,-4.900161911791656e-06,1.0,3.0,19.0,19.0,0.0,1.0,16.0,3.0
2.0,1.100000023841858,0.0,6.0,2.0,5.0,-1.25,0.0,-0.9597889184951782,-0.5278838872909546,1.0,3.0,19.0,19.0,0.0,1.0,17.0,3.0
2.4000000953674316,-0.699999988079071,0.0,6.0,3.0,-4.0,1.0,0.0,0.9215109944343567,-0.26877403259277344,1.0,3.0,19.0,19.0,0.0,1.0,16.0,3.0
7.199999809265137,-6.900000095367432,0.0,3.0,4.0,-3.0,0.0,0.0,-3.8636382669210434e-05,3.702653702930547e-05,1.0,3.0,19.0,19.0,16.0,1.0,17.0,3.0
9.600000381469727,8.699999809265137,0.0,1.0,5.0,-5.0,0.0,0.0,-7.527769048465416e-05,-6.822039722464979e-05,1.0,3.0,19.0,19.0,16.0,1.0,17.0,3.0
17.0,26.899999618530273,0.0,3.0,6.0,10.0,0.0,0.0,-4.5647044316865504e-05,-7.222973363241181e-05,1.0,3.0,21.0,20.0,0.0,1.0,18.0,3.0
24.399999618530273,-30.5,0.0,3.0,7.0,9.0,0.0,0.0,-2.508026227587834e-05,3.135032966383733e-05,1.0,3.0,20.0,20.0,0.0,1.0,18.0,3.0
1.600000023841858,0.10000000149011612,0.0,5.0,8.0,-4.5,0.0,0.0,-0.00010817949078045785,-6.761218173778616e-06,1.0,3.0,20.0,19.0,0.0,1.0,16.0,3.0
