x,y,z,dyn_prop,id,rcs,vx,vy,vx_comp,vy_comp,is_quality_valid,ambig_state,x_rms,y_rms,invalid_state,pdh0,vx_rms,vy_rms
2.200000047683716,0.10000000149011612,0.0,5.0,0.0,-3.5,0.0,0.0,0.0016794721595942974,7.633964560227469e-05,1.0,3.0,19.0,19.0,0.0,1.0,16.0,3.0
2.0,0.8999999761581421,0.0,5.0,1.0,3.0,-0.75,0.0,-0.6221240758895874,-0.27995583415031433,1.0,3.0,19.0,19.0,0.0,1.0,16.0,3.0
6.0,9.300000190734863,0.0,3.0,2.0,-2.5,-0.25,0.0,-0.07274806499481201,-0.11275950074195862,1.0,3.0,19.0,20.0,16.0,1.0,18.0,3.0
9.600000381469727,8.699999809265137,0.0,1.0,3.0,-2.5,0.0,0.0,0.001172751421108842,0.001062805880792439,1.0,3.0,19.0,19.0,16.0,1.0,17.0,3.0
18.600000381469727,19.899999618530273,0.0,3.0,4.0,-4.5,0.0,0.0,0.0010360722662881017,0.0011084858560934663,1.0,3.0,20.0,20.0,4.0,3.0,17.0,3.0
11.0,-29.700000762939453,0.0,4.0,5.0,13.5,0.0,0.0,2.8733360522892326e-05,-7.758007268421352e-05,1.0,0.0,0.0,0.0,7.0,6.0,0.0,0.0
21.600000381469727,-28.100000381469727,0.0,3.0,6.0,3.0,0.0,0.0,0.0003619195776991546,-0.000470830564154312,1.0,3.0,21.0,21.0,16.0,1.0,18.0,3.0
25.0,-30.100000381469727,0.0,1.0,7.0,7.0,0.0,0.0,0.00041861284989863634,-0.0005040098913013935,1.0,3.0,21.0,21.0,10.0,3.0,18.0,3.0
44.79999923706055,-8.100000381469727,0.0,3.0,8.0,-4.5,0.0,0.0,0.0015143733471632004,-0.0002738041221164167,1.0,3.0,20.0,20.0,4.0,3.0,16.0,3.0
53.79999923706055,-12.699999809265137,0.0,3.0,9.0,-2.0,0.0,0.0,0.001453789765946567,-0.00034318084362894297,1.0,3.0,20.0,20.0,4.0,3.0,16.0,3.0
