x,y,z,dyn_prop,id,rcs,vx,vy,vx_comp,vy_comp,is_quality_valid,ambig_state,x_rms,y_rms,invalid_state,pdh0,vx_rms,vy_rms
2.200000047683716,-0.10000000149011612,0.0,5.0,0.0,-4.5,0.25,0.0,0.2497785985469818,-0.011353572830557823,1.0,3.0,19.0,19.0,0.0,1.0,16.0,3.0
2.200000047683716,0.10000000149011612,0.0,5.0,1.0,1.5,0.0,0.0,0.00030267846886999905,1.3758111890638247e-05,1.0,3.0,19.0,19.0,0.0,1.0,16.0,3.0
2.200000047683716,0.699999988079071,0.0,5.0,2.0,4.0,-0.5,0.0,-0.4537348747253418,-0.1443701833486557,1.0,3.0,19.0,19.0,0.0,1.0,16.0,3.0
4.199999809265137,6.5,0.0,3.0,3.0,-2.5,0.5,0.0,0.14740128815174103,0.2281210571527481,1.0,3.0,19.0,20.0,16.0,1.0,18.0,3.0
13.800000190734863,2.5,0.0,3.0,4.0,1.5,0.0,0.0,0.00030612715636380017,5.545781823457219e-05,1.0,3.0,19.0,19.0,0.0,1.0,16.0,3.0
11.199999809265137,-20.899999618530273,0.0,4.0,5.0,3.0,0.0,0.0,2.722252429521177e-05,-5.079918264527805e-05,1.0,0.0,0.0,0.0,7.0,6.0,0.0,0.0
13.399999618530273,-21.899999618530273,0.0,0.0,6.0,1.0,10.75,0.0,2.9283735752105713,-4.785923957824707,1.0,1.0,20.0,20.0,0.0,1.0,20.0,3.0
16.200000762939453,27.700000762939453,0.0,1.0,7.0,12.5,0.0,0.0,0.00011753134458558634,0.00020096410298720002,1.0,3.0,20.0,20.0,0.0,1.0,19.0,3.0
16.399999618530273,28.700000762939453,0.0,4.0,8.0,9.5,0.0,0.0,0.00011445178097346798,0.0002002906403504312,1.0,0.0,0.0,0.0,7.0,6.0,0.0,0.0
37.20000076293945,-11.100000381469727,0.0,3.0,9.0,0.0,0.0,0.0,0.0002485635341145098,-7.416815788019449e-05,1.0,3.0,19.0,19.0,0.0,1.0,16.0,3.0
80.80000305175781,-23.299999237060547,0.0,3.0,10.0,3.0,0.0,0.0,0.00025079023907892406,-7.231946074170992e-05,1.0,3.0,19.0,21.0,0.0,1.0,16.0,3.0
2.5999999046325684,-0.30000001192092896,0.0,5.0,11.0,1.0,0.0,0.0,0.00028426546487025917,-3.2799864129628986e-05,1.0,3.0,21.0,19.0,0.0,1.0,16.0,3.0
18.0,1.7000000476837158,0.0,3.0,12.0,-3.5,0.25,0.0,0.24809500575065613,0.023431194946169853,1.0,3.0,21.0,19.0,0.0,1.0,16.0,3.0
