x,y,z,dyn_prop,id,rcs,vx,vy,vx_comp,vy_comp,is_quality_valid,ambig_state,x_rms,y_rms,invalid_state,pdh0,vx_rms,vy_rms
1.600000023841858,0.10000000149011612,0.0,5.0,0.0,0.0,0.0,0.0,0.003451433265581727,0.00021571459365077317,1.0,3.0,19.0,19.0,0.0,1.0,16.0,3.0
2.200000047683716,-0.699999988079071,0.0,5.0,1.0,-3.0,0.75,0.0,0.6838245391845703,-0.21758052706718445,1.0,3.0,19.0,19.0,0.0,1.0,16.0,3.0
3.0,0.5,0.0,5.0,2.0,-5.0,0.0,0.0,0.003480493789538741,0.0005800822982564569,1.0,3.0,19.0,19.0,0.0,1.0,16.0,3.0
5.0,-13.699999809265137,0.0,4.0,3.0,0.5,0.0,0.0,5.22718983120285e-05,-0.0001432249991921708,1.0,0.0,0.0,0.0,7.0,6.0,0.0,0.0
13.199999809265137,-22.100000381469727,0.0,0.0,4.0,11.5,10.75,0.0,2.8270695209503174,-4.733199119567871,1.0,3.0,20.0,21.0,0.0,1.0,19.0,3.0
13.199999809265137,22.899999618530273,0.0,4.0,5.0,8.5,0.0,0.0,0.0013136089546605945,0.002278912579640746,1.0,0.0,0.0,0.0,7.0,6.0,0.0,0.0
14.600000381469727,-22.299999237060547,0.0,0.0,6.0,6.0,10.5,0.0,3.150895357131958,-4.812668323516846,1.0,3.0,21.0,21.0,0.0,1.0,19.0,3.0
19.399999618530273,-20.700000762939453,0.0,3.0,7.0,-1.0,0.0,0.0,0.0010510401334613562,-0.0011214708210900426,1.0,3.0,20.0,20.0,16.0,1.0,17.0,3.0
12.600000381469727,-28.899999618530273,0.0,4.0,8.0,11.5,0.0,0.0,0.00014786070096306503,-0.0003391408536117524,1.0,0.0,0.0,0.0,7.0,6.0,0.0,0.0
13.600000381469727,32.70000076293945,0.0,4.0,9.0,8.5,0.0,0.0,0.0008831412415020168,0.0021234354935586452,1.0,0.0,0.0,0.0,7.0,6.0,0.0,0.0
36.20000076293945,11.699999809265137,0.0,1.0,10.0,3.0,0.0,0.0,0.0033915836829692125,0.001096174819394946,1.0,3.0,19.0,19.0,0.0,1.0,16.0,3.0
67.19999694824219,-0.10000000149011612,0.0,3.0,11.0,3.0,0.0,0.0,0.003395949024707079,-5.0534963520476595e-06,1.0,3.0,21.0,20.0,0.0,3.0,16.0,3.0
