x,y,z,dyn_prop,id,rcs,vx,vy,vx_comp,vy_comp,is_quality_valid,ambig_state,x_rms,y_rms,invalid_state,pdh0,vx_rms,vy_rms
1.600000023841858,0.10000000149011612,0.0,5.0,0.0,0.0,0.0,0.0,0.0012475937837734818,7.797461148584262e-05,1.0,3.0,19.0,19.0,0.0,1.0,16.0,3.0
2.200000047683716,-1.2999999523162842,0.0,5.0,1.0,-2.0,0.75,0.0,0.5566356182098389,-0.32892102003097534,1.0,3.0,19.0,19.0,16.0,1.0,17.0,3.0
2.200000047683716,4.699999809265137,0.0,4.0,2.0,-2.5,0.0,0.0,0.0003702957183122635,0.0007910862914286554,1.0,0.0,0.0,0.0,7.0,6.0,0.0,0.0
18.600000381469727,-8.100000381469727,0.0,0.0,3.0,4.0,1.25,0.0,1.0516222715377808,-0.4579645097255707,1.0,1.0,19.0,19.0,0.0,1.0,16.0,3.0
20.0,-4.5,0.0,1.0,4.0,-0.5,0.0,0.0,0.0010855168802663684,-0.00024424129514954984,1.0,3.0,19.0,19.0,0.0,1.0,16.0,3.0
19.0,-13.100000381469727,0.0,1.0,5.0,-4.0,0.0,0.0,0.000650367233902216,-0.00044841106864623725,1.0,3.0,19.0,19.0,4.0,3.0,17.0,3.0
13.600000381469727,-22.700000762939453,0.0,0.0,6.0,5.5,11.0,0.0,2.9056291580200195,-4.849836826324463,1.0,2.0,20.0,19.0,0.0,1.0,19.0,3.0
19.799999237060547,-20.100000381469727,0.0,1.0,7.0,5.5,0.0,0.0,0.0004100728838238865,-0.0004162861732766032,1.0,3.0,19.0,19.0,16.0,1.0,17.0,3.0
29.200000762939453,-6.5,0.0,3.0,8.0,-2.0,0.0,0.0,0.0010875165462493896,-0.0002420841483399272,1.0,3.0,19.0,19.0,0.0,1.0,16.0,3.0
15.600000381469727,29.5,0.0,4.0,9.0,14.5,0.0,0.0,0.0004293666279409081,0.0008119432022795081,1.0,0.0,0.0,0.0,7.0,6.0,0.0,0.0
12.0,-33.099998474121094,0.0,4.0,10.0,14.5,0.0,0.0,1.784388950909488e-05,-4.9219401262234896e-05,1.0,0.0,0.0,0.0,7.0,6.0,0.0,0.0
36.20000076293945,10.899999618530273,0.0,1.0,11.0,2.0,0.0,0.0,0.0012335750507190824,0.00037143556983210146,1.0,3.0,19.0,19.0,0.0,1.0,16.0,3.0
15.800000190734863,-37.29999923706055,0.0,4.0,12.0,18.5,0.0,0.0,4.693051960202865e-05,-0.00011079167597927153,1.0,0.0,0.0,0.0,7.0,6.0,0.0,0.0
54.20000076293945,-11.699999809265137,0.0,3.0,13.0,-1.5,0.0,0.0,0.0010930922580882907,-0.00023596271057613194,1.0,3.0,19.0,20.0,4.0,3.0,16.0,3.0
67.0,0.8999999761581421,0.0,1.0,14.0,-2.0,0.0,0.0,0.0012331304606050253,1.6564439647481777e-05,1.0,3.0,21.0,19.0,4.0,3.0,16.0,3.0
