x,y,z,dyn_prop,id,rcs,vx,vy,vx_comp,vy_comp,is_quality_valid,ambig_state,x_rms,y_rms,invalid_state,pdh0,vx_rms,vy_rms
9.800000190734863,-4.099999904632568,0.0,2.0,0.0,7.5,-1.75,0.0,-0.10057716816663742,0.042078204452991486,1.0,3.0,19.0,19.0,0.0,1.0,16.0,3.0
8.600000381469727,7.099999904632568,0.0,6.0,1.0,0.5,3.25,0.75,0.04144562780857086,0.034216735512018204,1.0,3.0,20.0,20.0,0.0,1.0,17.0,3.0
11.199999809265137,-1.100000023841858,0.0,1.0,2.0,-4.0,-0.25,0.75,-0.08883268386125565,0.008724640123546124,1.0,3.0,19.0,19.0,0.0,1.0,16.0,3.0
12.600000381469727,1.899999976158142,0.0,0.0,3.0,-1.5,1.0,0.0,0.14349345862865448,0.021637901663780212,1.0,2.0,19.0,19.0,0.0,1.0,16.0,3.0
14.199999809265137,5.300000190734863,0.0,0.0,4.0,-1.0,2.0,0.0,0.1540556252002716,0.057499635964632034,1.0,3.0,19.0,20.0,0.0,1.0,16.0,3.0
11.199999809265137,13.300000190734863,0.0,0.0,5.0,-1.5,5.5,0.0,0.049915578216314316,0.05927474796772003,1.0,1.0,19.0,19.0,10.0,3.0,18.0,3.0
16.399999618530273,11.100000381469727,0.0,6.0,6.0,-4.0,2.5,1.0,0.018391599878668785,0.012447971850633621,1.0,3.0,19.0,19.0,0.0,1.0,17.0,3.0
12.600000381469727,15.899999618530273,0.0,6.0,7.0,2.0,4.75,0.75,-0.0031368830241262913,-0.003958447370678186,1.0,3.0,19.0,19.0,0.0,1.0,18.0,3.0
15.800000190734863,-20.700000762939453,0.0,2.0,8.0,-2.0,-5.5,0.0,0.009352280758321285,-0.01225267257541418,1.0,1.0,20.0,20.0,0.0,1.0,18.0,3.0
22.399999618530273,-23.299999237060547,0.0,2.0,9.0,2.0,-4.25,0.0,0.046475838869810104,-0.048343170434236526,1.0,1.0,20.0,20.0,0.0,1.0,17.0,3.0
19.799999237060547,-25.299999237060547,0.0,6.0,10.0,13.5,-4.0,1.25,-0.08092724531888962,0.10340703278779984,1.0,3.0,19.0,19.0,0.0,1.0,18.0,3.0
22.799999237060547,26.299999237060547,0.0,0.0,11.0,0.0,3.75,1.5,0.10683143883943558,0.12323100119829178,1.0,3.0,20.0,20.0,0.0,1.0,18.0,3.0
23.600000381469727,-26.700000762939453,0.0,2.0,12.0,-3.0,-5.0,0.0,-0.11190559715032578,0.1266050636768341,1.0,1.0,21.0,21.0,9.0,3.0,18.0,3.0
17.200000762939453,35.29999923706055,0.0,4.0,13.0,15.0,0.0,0.0,-1.7566412687301636,-3.605199098587036,1.0,0.0,0.0,0.0,7.0,6.0,0.0,0.0
29.399999618530273,45.900001525878906,0.0,0.0,14.0,15.0,7.0,0.0,-0.003329806262627244,-0.005198576021939516,1.0,1.0,22.0,21.0,0.0,1.0,19.0,3.0
23.200000762939453,53.5,0.0,4.0,15.0,33.5,0.0,0.0,-1.6245265007019043,-3.746213674545288,1.0,0.0,0.0,0.0,7.0,6.0,0.0,0.0
12.800000190734863,2.0999999046325684,0.0,4.0,16.0,-3.0,0.0,0.0,-0.8872949481010437,-0.14557181298732758,1.0,0.0,0.0,0.0,7.0,6.0,0.0,0.0
