x,y,z,dyn_prop,id,rcs,vx,vy,vx_comp,vy_comp,is_quality_valid,ambig_state,x_rms,y_rms,invalid_state,pdh0,vx_rms,vy_rms
8.600000381469727,-3.0999999046325684,0.0,2.0,0.0,4.5,-1.25,0.0,-0.03666624799370766,0.013216902501881123,1.0,3.0,19.0,19.0,0.0,1.0,16.0,3.0
9.199999809265137,-1.5,0.0,1.0,1.0,-5.0,-0.5,0.0,0.03473763167858124,-0.005663744639605284,1.0,3.0,20.0,19.0,0.0,1.0,16.0,3.0
8.0,-4.699999809265137,0.0,2.0,2.0,-5.0,-2.0,0.0,-0.013073411770164967,0.007680628448724747,1.0,3.0,19.0,19.0,0.0,1.0,17.0,3.0
11.399999618530273,4.5,0.0,6.0,3.0,-2.0,1.0,1.0,0.025274280458688736,0.009976690635085106,1.0,3.0,19.0,19.0,0.0,1.0,16.0,3.0
12.0,6.300000190734863,0.0,6.0,4.0,1.0,1.25,1.0,-0.027064664289355278,-0.01420894917100668,1.0,3.0,19.0,19.0,0.0,1.0,16.0,3.0
12.600000381469727,7.5,0.0,6.0,5.0,8.0,1.5,1.0,0.03419351950287819,0.0203532837331295,1.0,3.0,19.0,19.0,0.0,1.0,17.0,3.0
13.399999618530273,10.300000190734863,0.0,6.0,6.0,-3.0,2.0,1.0,0.08085838705301285,0.06215234100818634,1.0,3.0,19.0,19.0,11.0,3.0,17.0,3.0
14.0,11.300000190734863,0.0,6.0,7.0,12.0,2.0,1.25,0.1439466029405594,0.11618547886610031,1.0,3.0,19.0,19.0,0.0,1.0,17.0,3.0
14.800000190734863,13.300000190734863,0.0,6.0,8.0,2.0,2.25,1.25,0.1605532318353653,0.14428095519542694,1.0,3.0,19.0,19.0,0.0,1.0,17.0,3.0
15.199999809265137,14.100000381469727,0.0,6.0,9.0,-3.5,2.25,1.25,0.12236058712005615,0.11350554972887039,1.0,3.0,19.0,19.0,11.0,3.0,17.0,3.0
20.600000381469727,-9.699999809265137,0.0,6.0,10.0,-0.5,-1.75,0.0,-0.13514061272144318,0.06363416463136673,1.0,3.0,19.0,19.0,0.0,1.0,16.0,3.0
11.800000190734863,21.899999618530273,0.0,4.0,11.0,3.0,0.0,0.0,-1.4278340339660645,-2.649963140487671,1.0,0.0,0.0,0.0,7.0,6.0,0.0,0.0
27.0,-13.300000190734863,0.0,6.0,12.0,14.0,-0.75,2.0,-0.06136978790163994,0.03023030422627926,1.0,3.0,19.0,19.0,0.0,1.0,16.0,3.0
44.79999923706055,-22.5,0.0,2.0,13.0,1.0,-1.75,0.0,-0.04649265855550766,0.023350106552243233,1.0,1.0,19.0,19.0,0.0,1.0,16.0,3.0
46.400001525878906,10.100000381469727,0.0,4.0,14.0,-2.0,0.0,0.0,-0.7275316715240479,-0.15836356580257416,1.0,0.0,0.0,0.0,7.0,6.0,0.0,0.0
