x,y,z,dyn_prop,id,rcs,vx,vy,vx_comp,vy_comp,is_quality_valid,ambig_state,x_rms,y_rms,invalid_state,pdh0,vx_rms,vy_rms
9.399999618530273,5.5,0.0,0.0,0.0,-3.0,1.25,0.0,-0.04505025967955589,-0.02635919488966465,1.0,3.0,19.0,19.0,0.0,1.0,17.0,3.0
6.0,-10.5,0.0,4.0,1.0,0.0,0.0,0.0,0.9088230133056641,-1.590440034866333,1.0,0.0,0.0,0.0,7.0,6.0,0.0,0.0
12.199999809265137,13.899999618530273,0.0,6.0,2.0,2.0,2.5,0.0,0.0009428666089661419,0.0010742496233433485,1.0,3.0,19.0,19.0,11.0,3.0,18.0,3.0
12.399999618530273,14.300000190734863,0.0,6.0,3.0,3.0,2.5,0.0,-0.01183384284377098,-0.013647093437612057,1.0,3.0,19.0,19.0,0.0,1.0,18.0,3.0
14.199999809265137,20.899999618530273,0.0,6.0,4.0,7.0,3.0,0.0,-0.0663645789027214,-0.09767743945121765,1.0,3.0,19.0,19.0,0.0,1.0,18.0,3.0
27.799999237060547,8.5,0.0,1.0,5.0,-2.5,0.75,0.25,0.10464448481798172,0.03199561685323715,1.0,3.0,19.0,19.0,4.0,3.0,16.0,3.0
15.600000381469727,27.5,0.0,4.0,6.0,7.0,0.0,0.0,-0.9332904815673828,-1.6452237367630005,1.0,0.0,0.0,0.0,7.0,6.0,0.0,0.0
11.600000381469727,-29.899999618530273,0.0,4.0,7.0,9.0,0.0,0.0,0.7149518132209778,-1.8428494930267334,1.0,0.0,0.0,0.0,7.0,6.0,0.0,0.0
12.399999618530273,-32.70000076293945,0.0,4.0,8.0,12.0,0.0,0.0,0.7030864357948303,-1.8541072607040405,1.0,0.0,0.0,0.0,7.0,6.0,0.0,0.0
15.600000381469727,-32.5,0.0,4.0,9.0,12.0,0.0,0.0,0.8250887393951416,-1.7189348936080933,1.0,0.0,0.0,0.0,7.0,6.0,0.0,0.0
16.399999618530273,-34.29999923706055,0.0,4.0,10.0,13.0,0.0,0.0,0.8231188058853149,-1.721522569656372,1.0,0.0,0.0,0.0,7.0,6.0,0.0,0.0
47.20000076293945,14.100000381469727,0.0,1.0,11.0,13.5,0.75,0.25,0.11725985258817673,0.03502889722585678,1.0,3.0,19.0,19.0,0.0,1.0,16.0,3.0
47.79999923706055,-13.699999809265137,0.0,3.0,12.0,-2.0,-0.5,0.25,-0.013510815799236298,0.0038723465986549854,1.0,3.0,19.0,19.0,4.0,3.0,16.0,3.0
48.599998474121094,13.5,0.0,1.0,13.0,0.0,0.5,0.25,-0.07671071588993073,-0.021308533847332,1.0,3.0,19.0,19.0,11.0,3.0,16.0,3.0
63.20000076293945,-26.700000762939453,0.0,2.0,14.0,-0.5,-0.75,0.0,0.08322886377573013,-0.03516155853867531,1.0,1.0,20.0,21.0,4.0,3.0,16.0,3.0
64.5999984741211,-26.700000762939453,0.0,3.0,15.0,-1.5,-0.75,0.5,-0.10948430746793747,0.04525125399231911,1.0,3.0,20.0,21.0,4.0,3.0,16.0,3.0
66.0,-25.899999618530273,0.0,3.0,16.0,-1.0,-0.5,0.5,0.07582951337099075,-0.029757339507341385,1.0,3.0,20.0,21.0,11.0,3.0,16.0,3.0
48.400001525878906,-7.5,0.0,1.0,17.0,-4.5,0.75,0.0,1.0009546279907227,-0.15510660409927368,1.0,0.0,20.0,19.0,3.0,6.0,16.0,3.0
