x,y,z,dyn_prop,id,rcs,vx,vy,vx_comp,vy_comp,is_quality_valid,ambig_state,x_rms,y_rms,invalid_state,pdh0,vx_rms,vy_rms
9.199999809265137,-13.5,0.0,6.0,0.0,2.5,-10.0,-0.5,-0.011992271989583969,0.01759735681116581,1.0,3.0,19.0,19.0,0.0,1.0,18.0,3.0
23.200000762939453,13.300000190734863,0.0,0.0,1.0,-3.5,3.25,0.0,0.04577910155057907,0.02624405175447464,1.0,3.0,20.0,19.0,4.0,3.0,17.0,3.0
28.399999618530273,18.5,0.0,0.0,2.0,-2.0,4.0,0.0,0.23546411097049713,0.1533832997083664,1.0,1.0,20.0,20.0,4.0,3.0,17.0,3.0
28.200000762939453,20.299999237060547,0.0,0.0,3.0,-1.0,4.25,0.0,0.11122161149978638,0.08006378263235092,1.0,1.0,19.0,19.0,0.0,1.0,17.0,3.0
30.799999237060547,22.299999237060547,0.0,0.0,4.0,-2.5,4.25,0.0,0.09414301067590714,0.0681619867682457,1.0,1.0,19.0,19.0,4.0,3.0,17.0,3.0
23.399999618530273,32.29999923706055,0.0,0.0,5.0,4.5,8.25,0.0,0.051541637629270554,0.07114508002996445,1.0,1.0,21.0,21.0,0.0,1.0,19.0,3.0
39.20000076293945,22.899999618530273,0.0,0.0,6.0,-2.0,3.5,0.0,0.1822516918182373,0.10646845400333405,1.0,1.0,20.0,20.0,4.0,3.0,17.0,3.0
8.199999809265137,0.699999988079071,0.0,7.0,7.0,-3.0,0.5,-0.5,0.23540732264518738,0.020095746964216232,1.0,3.0,21.0,19.0,0.0,1.0,16.0,3.0
