x,y,z,dyn_prop,id,rcs,vx,vy,vx_comp,vy_comp,is_quality_valid,ambig_state,x_rms,y_rms,invalid_state,pdh0,vx_rms,vy_rms
9.199999809265137,-12.5,0.0,6.0,0.0,2.5,-9.75,-0.75,-0.03595804050564766,0.04885603487491608,1.0,3.0,19.0,19.0,0.0,1.0,18.0,3.0
9.399999618530273,-13.699999809265137,0.0,6.0,1.0,1.5,-10.5,-0.75,-0.05516831576824188,0.08040488511323929,1.0,3.0,19.0,19.0,0.0,1.0,18.0,3.0
22.200000762939453,19.299999237060547,0.0,0.0,2.0,4.0,5.25,0.0,0.11823596805334091,0.1027907207608223,1.0,1.0,19.0,19.0,0.0,1.0,17.0,3.0
26.200000762939453,-14.100000381469727,0.0,2.0,3.0,-5.0,-3.5,0.0,0.0729021281003952,-0.03923358768224716,1.0,1.0,20.0,19.0,4.0,3.0,16.0,3.0
28.399999618530273,19.100000381469727,0.0,0.0,4.0,-2.5,4.0,0.0,0.11384699493646622,0.07656611502170563,1.0,2.0,19.0,19.0,4.0,3.0,17.0,3.0
28.399999618530273,23.100000381469727,0.0,0.0,5.0,1.5,4.75,0.0,0.030776822939515114,0.025033259764313698,1.0,1.0,19.0,19.0,0.0,1.0,17.0,3.0
31.799999237060547,27.5,0.0,0.0,6.0,-1.0,5.25,0.0,0.13488557934761047,0.11664634197950363,1.0,1.0,20.0,20.0,4.0,3.0,17.0,3.0
30.399999618530273,32.5,0.0,0.0,7.0,4.0,6.5,0.0,0.10836261510848999,0.11584818363189697,1.0,1.0,20.0,20.0,0.0,1.0,18.0,3.0
35.0,28.5,0.0,0.0,8.0,-3.0,4.75,0.0,0.0274091437458992,0.022318873554468155,1.0,1.0,20.0,20.0,4.0,3.0,17.0,3.0
