x,y,z,dyn_prop,id,rcs,vx,vy,vx_comp,vy_comp,is_quality_valid,ambig_state,x_rms,y_rms,invalid_state,pdh0,vx_rms,vy_rms
9.199999809265137,-12.100000381469727,0.0,6.0,0.0,5.5,-9.5,-0.75,-0.030569585040211678,0.04020565375685692,1.0,3.0,19.0,19.0,0.0,1.0,18.0,3.0
9.0,-13.300000190734863,0.0,6.0,1.0,-3.5,-10.25,-0.75,0.09277018904685974,-0.13709372282028198,1.0,3.0,19.0,19.0,11.0,3.0,19.0,3.0
26.0,-13.899999618530273,0.0,2.0,2.0,-5.0,-3.5,0.0,0.07397322356700897,-0.03954722359776497,1.0,2.0,19.0,19.0,4.0,3.0,16.0,3.0
22.399999618530273,19.700000762939453,0.0,0.0,3.0,5.5,5.25,0.0,0.048693373799324036,0.04282408580183983,1.0,2.0,19.0,19.0,0.0,1.0,17.0,3.0
32.0,30.899999618530273,0.0,0.0,4.0,2.5,5.75,0.0,0.02726048044860363,0.02632340043783188,1.0,1.0,20.0,20.0,0.0,1.0,17.0,3.0
