x,y,z,dyn_prop,id,rcs,vx,vy,vx_comp,vy_comp,is_quality_valid,ambig_state,x_rms,y_rms,invalid_state,pdh0,vx_rms,vy_rms
3.5999999046325684,5.300000190734863,0.0,0.0,0.0,-1.0,9.5,0.0,0.19094286859035492,0.28111034631729126,1.0,3.0,20.0,21.0,0.0,1.0,19.0,3.0
3.5999999046325684,-8.100000381469727,0.0,4.0,1.0,1.5,0.0,0.0,2.3603665828704834,-5.310825347900391,1.0,0.0,0.0,0.0,7.0,6.0,0.0,0.0
4.0,9.100000381469727,0.0,4.0,2.0,-1.0,0.0,0.0,-2.2507588863372803,-5.120477199554443,1.0,0.0,0.0,0.0,7.0,6.0,0.0,0.0
9.199999809265137,-11.5,0.0,6.0,3.0,4.5,-9.0,-0.75,0.005099020432680845,-0.006373775657266378,1.0,3.0,19.0,19.0,0.0,1.0,18.0,3.0
11.199999809265137,-21.700000762939453,0.0,4.0,4.0,2.5,0.0,0.0,2.6002931594848633,-5.038067817687988,1.0,0.0,0.0,0.0,7.0,6.0,0.0,0.0
32.599998474121094,30.899999618530273,0.0,0.0,5.0,-0.5,6.0,0.0,0.1969013810157776,0.18663352727890015,1.0,2.0,20.0,20.0,4.0,3.0,17.0,3.0
