x,y,z,dyn_prop,id,rcs,vx,vy,vx_comp,vy_comp,is_quality_valid,ambig_state,x_rms,y_rms,invalid_state,pdh0,vx_rms,vy_rms
5.800000190734863,-5.5,0.0,0.0,0.0,-2.5,4.25,0.0,5.527672290802002,-5.241757869720459,1.0,1.0,19.0,19.0,0.0,1.0,17.0,3.0
9.0,-10.899999618530273,0.0,6.0,1.0,-4.5,-8.25,-0.5,0.10506070405244827,-0.12724018096923828,1.0,3.0,19.0,19.0,10.0,3.0,18.0,3.0
9.199999809265137,-12.100000381469727,0.0,6.0,2.0,4.0,-9.25,-0.5,-0.012137945741415024,0.01596403867006302,1.0,3.0,19.0,19.0,0.0,1.0,18.0,3.0
11.800000190734863,-20.700000762939453,0.0,4.0,3.0,5.5,0.0,0.0,2.7773313522338867,-4.872098445892334,1.0,0.0,0.0,0.0,7.0,6.0,0.0,0.0
34.0,4.099999904632568,0.0,1.0,4.0,-3.5,0.75,0.0,0.2629106044769287,0.031703926622867584,1.0,2.0,19.0,19.0,4.0,3.0,16.0,3.0
