x,y,z,dyn_prop,id,rcs,vx,vy,vx_comp,vy_comp,is_quality_valid,ambig_state,x_rms,y_rms,invalid_state,pdh0,vx_rms,vy_rms
8.800000190734863,-11.100000381469727,0.0,6.0,0.0,2.5,-8.5,-0.5,0.1700684130191803,-0.21451811492443085,1.0,3.0,19.0,19.0,10.0,3.0,18.0,3.0
11.399999618530273,-20.299999237060547,0.0,4.0,1.0,5.5,0.0,0.0,2.786221742630005,-4.961429595947266,1.0,0.0,0.0,0.0,7.0,6.0,0.0,0.0
41.20000076293945,-29.100000381469727,0.0,2.0,2.0,0.0,-4.75,0.0,0.014138774946331978,-0.00998636893928051,1.0,1.0,20.0,20.0,0.0,1.0,17.0,3.0
31.799999237060547,43.70000076293945,0.0,0.0,3.0,8.0,8.5,0.0,0.002305625006556511,0.003168422030285001,1.0,1.0,22.0,21.0,0.0,1.0,19.0,3.0
