x,y,z,dyn_prop,id,rcs,vx,vy,vx_comp,vy_comp,is_quality_valid,ambig_state,x_rms,y_rms,invalid_state,pdh0,vx_rms,vy_rms
8.800000190734863,-10.5,0.0,6.0,0.0,-3.5,-8.25,-0.5,0.11750688403844833,-0.14020706713199615,1.0,3.0,19.0,19.0,10.0,3.0,18.0,3.0
11.0,-20.100000381469727,0.0,4.0,1.0,2.0,0.0,0.0,2.7693493366241455,-5.060356140136719,1.0,0.0,0.0,0.0,7.0,6.0,0.0,0.0
32.79999923706055,10.899999618530273,0.0,0.0,2.0,-4.5,2.0,0.0,0.11512438952922821,0.03825780004262924,1.0,1.0,19.0,19.0,4.0,3.0,16.0,3.0
33.79999923706055,51.29999923706055,0.0,0.0,3.0,14.5,9.75,0.0,0.07700687646865845,0.11687730252742767,1.0,1.0,22.0,21.0,0.0,1.0,19.0,3.0
