x,y,z,dyn_prop,id,rcs,vx,vy,vx_comp,vy_comp,is_quality_valid,ambig_state,x_rms,y_rms,invalid_state,pdh0,vx_rms,vy_rms
3.4000000953674316,7.099999904632568,0.0,4.0,0.0,-3.5,0.0,0.0,-2.4837114810943604,-5.186573505401611,1.0,0.0,0.0,0.0,7.0,6.0,0.0,0.0
8.600000381469727,-10.300000190734863,0.0,6.0,1.0,-1.0,-8.25,-0.5,0.16735729575157166,-0.20043954253196716,1.0,3.0,19.0,19.0,10.0,3.0,18.0,3.0
41.0,-24.100000381469727,0.0,2.0,2.0,2.0,-4.0,0.0,0.06815803796052933,-0.040063630789518356,1.0,1.0,20.0,20.0,0.0,1.0,17.0,3.0
