x,y,z,dyn_prop,id,rcs,vx,vy,vx_comp,vy_comp,is_quality_valid,ambig_state,x_rms,y_rms,invalid_state,pdh0,vx_rms,vy_rms
8.800000190734863,-10.699999809265137,0.0,6.0,0.0,-2.5,-8.5,-0.5,0.14792968332767487,-0.17986904084682465,1.0,3.0,19.0,19.0,10.0,3.0,18.0,3.0
28.399999618530273,-2.700000047683716,0.0,3.0,1.0,-1.5,-0.75,-1.0,0.23567388951778412,-0.02240561693906784,1.0,3.0,21.0,20.0,0.0,1.0,16.0,3.0
32.599998474121094,16.100000381469727,0.0,0.0,2.0,-4.5,3.25,0.0,0.21895375847816467,0.10813361406326294,1.0,1.0,19.0,19.0,4.0,3.0,16.0,3.0
