x,y,z,dyn_prop,id,rcs,vx,vy,vx_comp,vy_comp,is_quality_valid,ambig_state,x_rms,y_rms,invalid_state,pdh0,vx_rms,vy_rms
3.5999999046325684,4.5,0.0,0.0,0.0,-4.5,8.5,0.0,0.1692771017551422,0.21159638464450836,1.0,1.0,19.0,19.0,0.0,1.0,18.0,3.0
8.399999618530273,0.5,0.0,7.0,1.0,5.5,0.25,-0.5,0.08365689218044281,0.0049795773811638355,1.0,3.0,19.0,19.0,0.0,1.0,16.0,3.0
8.800000190734863,-8.899999618530273,0.0,6.0,2.0,-1.5,-7.5,-0.5,0.0013548798160627484,-0.001370276091620326,1.0,3.0,19.0,19.0,0.0,1.0,17.0,3.0
9.0,-10.100000381469727,0.0,6.0,3.0,-1.0,-8.25,-0.5,0.02063244953751564,-0.02315419539809227,1.0,3.0,19.0,19.0,0.0,1.0,18.0,3.0
11.0,12.699999809265137,0.0,0.0,4.0,0.0,7.5,0.0,0.029837653040885925,0.03444892540574074,1.0,1.0,19.0,19.0,10.0,3.0,18.0,3.0
8.399999618530273,0.30000001192092896,0.0,7.0,5.0,0.5,0.25,-0.5,0.2541327476501465,0.00907617062330246,1.0,3.0,21.0,19.0,12.0,3.0,16.0,3.0
8.399999618530273,0.30000001192092896,0.0,7.0,6.0,1.5,0.25,-0.5,0.2541327476501465,0.00907617062330246,1.0,3.0,21.0,19.0,0.0,1.0,16.0,3.0
