x,y,z,dyn_prop,id,rcs,vx,vy,vx_comp,vy_comp,is_quality_valid,ambig_state,x_rms,y_rms,invalid_state,pdh0,vx_rms,vy_rms
8.399999618530273,0.5,0.0,7.0,0.0,0.5,0.25,-0.5,0.08324107527732849,0.004954826086759567,1.0,3.0,19.0,19.0,0.0,1.0,16.0,3.0
8.800000190734863,-8.899999618530273,0.0,6.0,1.0,-2.5,-7.5,-0.5,0.04365762695670128,-0.04415373504161835,1.0,3.0,19.0,19.0,0.0,1.0,17.0,3.0
42.20000076293945,4.300000190734863,0.0,3.0,2.0,2.5,0.75,-1.5,0.17300984263420105,0.01762896403670311,1.0,3.0,19.0,19.0,0.0,1.0,16.0,3.0
8.399999618530273,0.30000001192092896,0.0,7.0,3.0,-1.5,0.25,-0.5,0.2556253969669342,0.00912947952747345,1.0,3.0,21.0,19.0,0.0,1.0,16.0,3.0
