x,y,z,dyn_prop,id,rcs,vx,vy,vx_comp,vy_comp,is_quality_valid,ambig_state,x_rms,y_rms,invalid_state,pdh0,vx_rms,vy_rms
8.399999618530273,0.30000001192092896,0.0,7.0,0.0,13.5,0.25,-0.25,0.2576570510864258,0.009202037937939167,1.0,3.0,19.0,19.0,0.0,1.0,16.0,3.0
8.800000190734863,-8.100000381469727,0.0,6.0,1.0,3.0,-6.75,-0.5,0.1253291666507721,-0.11535980552434921,1.0,3.0,19.0,19.0,0.0,1.0,17.0,3.0
6.0,-11.899999618530273,0.0,4.0,2.0,-2.5,0.0,0.0,2.787320137023926,-5.52818489074707,1.0,0.0,0.0,0.0,7.0,6.0,0.0,0.0
11.0,13.699999809265137,0.0,0.0,3.0,-4.5,8.5,0.0,0.11273922771215439,0.14041157066822052,1.0,1.0,20.0,20.0,4.0,3.0,18.0,3.0
39.599998474121094,3.9000000953674316,0.0,3.0,4.0,-3.5,0.75,-1.25,0.21472664177417755,0.02114732190966606,1.0,3.0,19.0,19.0,4.0,3.0,16.0,3.0
42.20000076293945,4.300000190734863,0.0,1.0,5.0,3.5,0.75,-1.25,0.18739746510982513,0.019095001742243767,1.0,3.0,19.0,19.0,0.0,1.0,16.0,3.0
8.399999618530273,0.5,0.0,7.0,6.0,-4.5,0.25,-0.25,0.08975023776292801,0.0053422763012349606,1.0,3.0,20.0,19.0,0.0,1.0,16.0,3.0
41.0,3.9000000953674316,0.0,1.0,7.0,3.5,0.75,-1.25,0.24170225858688354,0.02299118973314762,1.0,3.0,21.0,19.0,0.0,1.0,16.0,3.0
