x,y,z,dyn_prop,id,rcs,vx,vy,vx_comp,vy_comp,is_quality_valid,ambig_state,x_rms,y_rms,invalid_state,pdh0,vx_rms,vy_rms
8.800000190734863,-7.300000190734863,0.0,6.0,0.0,-5.0,-6.25,-0.25,-0.02771276980638504,0.022989001125097275,1.0,3.0,19.0,19.0,0.0,1.0,17.0,3.0
7.400000095367432,-11.5,0.0,0.0,1.0,-4.0,5.0,0.0,4.694394588470459,-7.295342922210693,1.0,2.0,19.0,19.0,16.0,1.0,19.0,3.0
17.600000381469727,39.099998474121094,0.0,4.0,2.0,11.0,0.0,0.0,-2.5629055500030518,-5.693727970123291,1.0,0.0,0.0,0.0,7.0,6.0,0.0,0.0
41.79999923706055,-31.100000381469727,0.0,2.0,3.0,-1.5,-5.25,0.0,0.09742335230112076,-0.07248484343290329,1.0,1.0,21.0,21.0,4.0,3.0,17.0,3.0
8.399999618530273,0.5,0.0,7.0,4.0,-0.5,0.25,-0.25,0.05101663991808891,0.00303670484572649,1.0,3.0,21.0,19.0,0.0,1.0,16.0,3.0
