x,y,z,dyn_prop,id,rcs,vx,vy,vx_comp,vy_comp,is_quality_valid,ambig_state,x_rms,y_rms,invalid_state,pdh0,vx_rms,vy_rms
8.600000381469727,0.30000001192092896,0.0,7.0,0.0,2.0,0.25,-0.25,0.22532795369625092,0.007860276848077774,1.0,3.0,19.0,19.0,0.0,1.0,16.0,3.0
8.600000381469727,-1.7000000476837158,0.0,6.0,1.0,-0.5,-2.0,-0.25,-0.2036190927028656,0.04025028645992279,1.0,3.0,19.0,19.0,0.0,1.0,16.0,3.0
2.4000000953674316,9.899999618530273,0.0,4.0,2.0,18.0,0.0,0.0,-1.7138547897338867,-7.069650173187256,1.0,0.0,0.0,0.0,7.0,6.0,0.0,0.0
12.0,-20.899999618530273,0.0,4.0,3.0,5.0,0.0,0.0,3.3194398880004883,-5.781357765197754,1.0,0.0,0.0,0.0,7.0,6.0,0.0,0.0
38.79999923706055,9.100000381469727,0.0,0.0,4.0,5.0,1.75,0.0,0.21603509783744812,0.050668030977249146,1.0,3.0,20.0,20.0,0.0,1.0,16.0,3.0
39.599998474121094,9.100000381469727,0.0,0.0,5.0,-3.5,1.75,0.0,0.25044289231300354,0.05755127593874931,1.0,3.0,19.0,19.0,11.0,3.0,16.0,3.0
41.400001525878906,-18.5,0.0,2.0,6.0,-3.5,-3.5,0.0,0.09931281208992004,-0.04437891021370888,1.0,1.0,20.0,20.0,4.0,3.0,16.0,3.0
53.0,10.100000381469727,0.0,0.0,7.0,-2.0,1.5,0.0,0.2988267242908478,0.056946225464344025,1.0,2.0,19.0,20.0,4.0,3.0,16.0,3.0
41.0,7.900000095367432,0.0,4.0,8.0,-4.5,0.0,0.0,-1.1631109714508057,-0.2241116315126419,1.0,0.0,0.0,0.0,7.0,6.0,0.0,0.0
