x,y,z,dyn_prop,id,rcs,vx,vy,vx_comp,vy_comp,is_quality_valid,ambig_state,x_rms,y_rms,invalid_state,pdh0,vx_rms,vy_rms
8.600000381469727,0.30000001192092896,0.0,7.0,0.0,2.5,0.25,-0.25,0.2211213856935501,0.00771353580057621,1.0,3.0,19.0,19.0,0.0,1.0,16.0,3.0
12.199999809265137,-20.100000381469727,0.0,2.0,1.0,9.0,-12.75,0.0,0.007588530424982309,-0.012502416968345642,1.0,1.0,19.0,19.0,0.0,1.0,19.0,3.0
39.0,9.300000190734863,0.0,0.0,2.0,-4.5,1.75,0.0,0.1717444807291031,0.04095445200800896,1.0,3.0,19.0,19.0,4.0,3.0,16.0,3.0
50.20000076293945,10.100000381469727,0.0,0.0,3.0,-3.0,1.5,0.0,0.20662839710712433,0.04157264530658722,1.0,1.0,19.0,20.0,4.0,3.0,16.0,3.0
52.400001525878906,10.899999618530273,0.0,0.0,4.0,-2.5,1.5,0.0,0.15634796023368835,0.03252276033163071,1.0,1.0,19.0,19.0,11.0,3.0,16.0,3.0
52.79999923706055,10.899999618530273,0.0,0.0,5.0,0.0,1.5,0.0,0.16794328391551971,0.034670110791921616,1.0,1.0,19.0,19.0,4.0,3.0,16.0,3.0
59.400001525878906,11.699999809265137,0.0,0.0,6.0,1.5,1.5,0.0,0.23790591955184937,0.04686025530099869,1.0,1.0,19.0,20.0,0.0,1.0,16.0,3.0
8.600000381469727,0.30000001192092896,0.0,7.0,7.0,-5.0,0.25,-0.25,0.2211213856935501,0.00771353580057621,1.0,3.0,20.0,19.0,0.0,1.0,16.0,3.0
