x,y,z,dyn_prop,id,rcs,vx,vy,vx_comp,vy_comp,is_quality_valid,ambig_state,x_rms,y_rms,invalid_state,pdh0,vx_rms,vy_rms
2.5999999046325684,8.699999809265137,0.0,4.0,0.0,7.0,0.0,0.0,-2.088080883026123,-6.987041473388672,1.0,0.0,0.0,0.0,7.0,6.0,0.0,0.0
11.399999618530273,-19.700000762939453,0.0,2.0,1.0,3.5,-12.75,0.0,0.19321748614311218,-0.33389341831207275,1.0,2.0,19.0,19.0,0.0,1.0,19.0,3.0
49.79999923706055,10.899999618530273,0.0,0.0,2.0,1.0,1.5,0.0,0.05799371749162674,0.012693404220044613,1.0,1.0,19.0,19.0,0.0,1.0,16.0,3.0
53.20000076293945,11.300000190734863,0.0,0.0,3.0,-3.5,1.5,0.0,0.10571147501468658,0.022453753277659416,1.0,2.0,19.0,19.0,9.0,3.0,16.0,3.0
59.599998474121094,11.899999618530273,0.0,0.0,4.0,-1.0,1.5,0.0,0.20039217174053192,0.04001118987798691,1.0,2.0,19.0,19.0,4.0,3.0,16.0,3.0
