x,y,z,dyn_prop,id,rcs,vx,vy,vx_comp,vy_comp,is_quality_valid,ambig_state,x_rms,y_rms,invalid_state,pdh0,vx_rms,vy_rms
8.800000190734863,9.899999618530273,0.0,0.0,0.0,-1.5,9.25,0.0,0.3490127623081207,0.3926393389701843,1.0,2.0,19.0,19.0,10.0,3.0,18.0,3.0
11.600000381469727,-18.899999618530273,0.0,6.0,1.0,5.5,-12.75,0.0,0.027148941531777382,-0.044234052300453186,1.0,3.0,20.0,21.0,0.0,1.0,19.0,3.0
47.599998474121094,11.300000190734863,0.0,0.0,2.0,-2.5,1.75,0.0,0.14920400083065033,0.03542028367519379,1.0,1.0,19.0,20.0,4.0,3.0,16.0,3.0
49.20000076293945,-1.100000023841858,0.0,3.0,3.0,-5.0,-0.25,-0.75,0.18384385108947754,-0.0041103302501142025,1.0,3.0,19.0,20.0,11.0,3.0,16.0,3.0
49.599998474121094,-1.100000023841858,0.0,3.0,4.0,-3.0,-0.25,-0.75,0.18231596052646637,-0.004043297842144966,1.0,3.0,19.0,19.0,4.0,3.0,16.0,3.0
54.400001525878906,-1.2999999523162842,0.0,3.0,5.0,1.0,-0.25,-0.75,0.19688674807548523,-0.004705014172941446,1.0,3.0,19.0,20.0,0.0,1.0,16.0,3.0
41.0,-9.100000381469727,0.0,4.0,6.0,-4.0,0.0,0.0,1.8692233562469482,-0.41487640142440796,1.0,0.0,0.0,0.0,7.0,6.0,0.0,0.0
