x,y,z,dyn_prop,id,rcs,vx,vy,vx_comp,vy_comp,is_quality_valid,ambig_state,x_rms,y_rms,invalid_state,pdh0,vx_rms,vy_rms
8.600000381469727,10.300000190734863,0.0,0.0,0.0,7.0,9.25,0.0,0.06347493082284927,0.07602229714393616,1.0,1.0,19.0,19.0,10.0,3.0,18.0,3.0
11.600000381469727,-18.5,0.0,6.0,1.0,-2.0,-13.0,-0.25,0.020165344700217247,-0.03216024115681648,1.0,3.0,20.0,21.0,0.0,1.0,20.0,3.0
12.600000381469727,26.899999618530273,0.0,4.0,2.0,7.0,0.0,0.0,-2.9510385990142822,-6.300232410430908,1.0,0.0,0.0,0.0,7.0,6.0,0.0,0.0
49.79999923706055,-0.30000001192092896,0.0,3.0,3.0,0.5,0.0,-0.5,0.2906458079814911,-0.0017508785240352154,1.0,3.0,19.0,19.0,0.0,1.0,16.0,3.0
53.599998474121094,12.300000190734863,0.0,0.0,4.0,-3.0,1.75,0.0,0.19175395369529724,0.04400324076414108,1.0,2.0,19.0,19.0,4.0,3.0,16.0,3.0
62.0,0.5,0.0,3.0,5.0,-5.0,0.0,-0.75,0.17176063358783722,0.001385166309773922,1.0,3.0,20.0,21.0,4.0,3.0,16.0,3.0
73.0,2.299999952316284,0.0,3.0,6.0,-0.5,0.25,-0.75,0.2212318331003189,0.00697031756862998,1.0,3.0,19.0,20.0,4.0,3.0,16.0,3.0
8.600000381469727,0.30000001192092896,0.0,7.0,7.0,-2.0,0.25,-0.25,0.20978187024593353,0.007317971438169479,1.0,3.0,20.0,19.0,0.0,1.0,16.0,3.0
42.79999923706055,7.300000190734863,0.0,4.0,8.0,0.0,0.0,0.0,-1.0580960512161255,-0.18046967685222626,1.0,0.0,0.0,0.0,7.0,6.0,0.0,0.0
