x,y,z,dyn_prop,id,rcs,vx,vy,vx_comp,vy_comp,is_quality_valid,ambig_state,x_rms,y_rms,invalid_state,pdh0,vx_rms,vy_rms
9.199999809265137,10.699999809265137,0.0,0.0,0.0,-3.0,9.5,0.0,0.2532958388328552,0.29459404945373535,1.0,2.0,19.0,19.0,10.0,3.0,18.0,3.0
11.199999809265137,-17.899999618530273,0.0,6.0,1.0,-1.5,-13.0,-0.25,0.0578363761305809,-0.09243492782115936,1.0,3.0,20.0,20.0,0.0,1.0,20.0,3.0
40.0,7.900000095367432,0.0,0.0,2.0,0.0,1.5,0.0,0.18036729097366333,0.03562253713607788,1.0,1.0,19.0,19.0,4.0,3.0,16.0,3.0
41.400001525878906,2.299999952316284,0.0,3.0,3.0,-3.5,0.5,-0.5,0.27479979395866394,0.015266655012965202,1.0,3.0,19.0,19.0,4.0,3.0,16.0,3.0
43.0,7.5,0.0,0.0,4.0,-2.5,1.25,0.0,0.11536812782287598,0.02012234553694725,1.0,1.0,19.0,20.0,4.0,3.0,16.0,3.0
43.20000076293945,6.5,0.0,0.0,5.0,-2.0,1.0,0.0,0.05595958232879639,0.008419844321906567,1.0,1.0,19.0,20.0,4.0,3.0,16.0,3.0
