x,y,z,dyn_prop,id,rcs,vx,vy,vx_comp,vy_comp,is_quality_valid,ambig_state,x_rms,y_rms,invalid_state,pdh0,vx_rms,vy_rms
43.0,6.699999809265137,0.0,0.0,0.0,-4.0,1.25,0.0,0.2537330687046051,0.039535149931907654,1.0,2.0,19.0,19.0,4.0,3.0,16.0,3.0
43.0,7.699999809265137,0.0,0.0,1.0,-4.5,1.5,0.0,0.31586307287216187,0.05656152963638306,1.0,2.0,19.0,19.0,4.0,3.0,16.0,3.0
