x,y,z,dyn_prop,id,rcs,vx,vy,vx_comp,vy_comp,is_quality_valid,ambig_state,x_rms,y_rms,invalid_state,pdh0,vx_rms,vy_rms
9.199999809265137,-6.699999809265137,0.0,6.0,0.0,1.0,-6.25,0.0,-0.016849778592586517,0.012271033599972725,1.0,3.0,20.0,20.0,0.0,1.0,17.0,3.0
4.599999904632568,15.699999809265137,0.0,4.0,1.0,13.5,0.0,0.0,-2.1932575702667236,-7.485683441162109,1.0,0.0,0.0,0.0,7.0,6.0,0.0,0.0
9.0,0.30000001192092896,0.0,5.0,2.0,-2.0,0.25,0.0,0.22746515274047852,0.007582171820104122,1.0,3.0,20.0,19.0,0.0,1.0,16.0,3.0
