x,y,z,dyn_prop,id,rcs,vx,vy,vx_comp,vy_comp,is_quality_valid,ambig_state,x_rms,y_rms,invalid_state,pdh0,vx_rms,vy_rms
8.800000190734863,-0.30000001192092896,0.0,5.0,0.0,-4.5,-0.25,0.0,0.2924635112285614,-0.0099703473970294,1.0,3.0,19.0,19.0,0.0,1.0,16.0,3.0
9.199999809265137,-6.099999904632568,0.0,6.0,1.0,2.0,-6.0,0.0,-0.18292127549648285,0.12128476053476334,1.0,3.0,19.0,19.0,0.0,1.0,17.0,3.0
11.199999809265137,-5.099999904632568,0.0,6.0,2.0,2.5,-4.25,0.0,-0.18917609751224518,0.08614268153905869,1.0,3.0,19.0,19.0,0.0,1.0,16.0,3.0
9.0,15.699999809265137,0.0,4.0,3.0,-0.5,0.0,0.0,-3.4983794689178467,-6.102728366851807,1.0,0.0,0.0,0.0,7.0,6.0,0.0,0.0
9.800000190734863,-1.2999999523162842,0.0,0.0,4.0,-2.0,0.75,0.0,2.070294141769409,-0.2746308445930481,1.0,3.0,21.0,19.0,0.0,3.0,16.0,3.0
