x,y,z,dyn_prop,id,rcs,vx,vy,vx_comp,vy_comp,is_quality_valid,ambig_state,x_rms,y_rms,invalid_state,pdh0,vx_rms,vy_rms
5.199999809265137,-10.100000381469727,0.0,4.0,0.0,-4.5,0.0,0.0,-3.274883270263672,6.360830783843994,1.0,0.0,0.0,0.0,7.0,6.0,0.0,0.0
17.200000762939453,-4.699999809265137,0.0,6.0,1.0,4.5,2.0,0.0,-0.14787976443767548,0.04040900245308876,1.0,3.0,19.0,19.0,0.0,1.0,16.0,3.0
14.399999618530273,17.100000381469727,0.0,2.0,2.0,2.0,-9.75,0.0,-0.049538079649209976,-0.05882646515965462,1.0,1.0,19.0,19.0,10.0,3.0,18.0,3.0
18.0,-15.100000381469727,0.0,0.0,3.0,-0.5,7.0,0.0,0.16196395456790924,-0.13586975634098053,1.0,1.0,19.0,19.0,0.0,1.0,17.0,3.0
23.600000381469727,4.300000190734863,0.0,4.0,4.0,2.0,0.0,0.0,1.4682730436325073,0.2675243318080902,1.0,0.0,0.0,0.0,7.0,6.0,0.0,0.0
54.599998474121094,11.5,0.0,4.0,5.0,-3.0,0.0,0.0,1.672202467918396,0.3522038161754608,1.0,0.0,0.0,0.0,7.0,6.0,0.0,0.0
60.599998474121094,11.699999809265137,0.0,4.0,6.0,-1.0,0.0,0.0,1.5470466613769531,0.298687219619751,1.0,0.0,0.0,0.0,7.0,6.0,0.0,0.0
