x,y,z,dyn_prop,id,rcs,vx,vy,vx_comp,vy_comp,is_quality_valid,ambig_state,x_rms,y_rms,invalid_state,pdh0,vx_rms,vy_rms
14.0,14.699999809265137,0.0,6.0,0.0,-5.0,-8.5,0.0,0.1088162362575531,0.11425704509019852,1.0,3.0,19.0,19.0,4.0,3.0,18.0,3.0
17.799999237060547,-12.5,0.0,0.0,1.0,-1.5,5.75,0.0,-0.02106201834976673,0.014790743589401245,1.0,1.0,19.0,19.0,0.0,1.0,17.0,3.0
16.200000762939453,14.300000190734863,0.0,6.0,2.0,-3.0,-7.75,0.0,-0.22846390306949615,-0.20166873931884766,1.0,3.0,19.0,19.0,0.0,1.0,17.0,3.0
18.200000762939453,-18.700000762939453,0.0,0.0,3.0,-4.5,8.75,0.0,0.13396072387695312,-0.13764095306396484,1.0,3.0,20.0,20.0,4.0,3.0,18.0,3.0
21.399999618530273,-17.700000762939453,0.0,0.0,4.0,-4.0,6.75,0.0,-0.03881562501192093,0.03210451453924179,1.0,1.0,19.0,19.0,4.0,3.0,17.0,3.0
39.400001525878906,15.100000381469727,0.0,2.0,5.0,-5.0,-3.25,0.0,-0.037086568772792816,-0.0142133804038167,1.0,1.0,19.0,20.0,4.0,3.0,16.0,3.0
