x,y,z,dyn_prop,id,rcs,vx,vy,vx_comp,vy_comp,is_quality_valid,ambig_state,x_rms,y_rms,invalid_state,pdh0,vx_rms,vy_rms
15.0,9.899999618530273,0.0,6.0,0.0,0.5,-5.75,0.0,-0.1531648337841034,-0.10108879208564758,1.0,3.0,19.0,19.0,0.0,1.0,17.0,3.0
16.200000762939453,13.899999618530273,0.0,6.0,1.0,-2.0,-7.5,0.0,-0.18456093966960907,-0.15835784375667572,1.0,3.0,19.0,19.0,0.0,1.0,17.0,3.0
18.0,-21.100000381469727,0.0,0.0,2.0,-1.5,9.75,0.0,0.007839817553758621,-0.009190008044242859,1.0,1.0,20.0,20.0,10.0,3.0,18.0,3.0
28.799999237060547,16.100000381469727,0.0,2.0,3.0,-4.5,-4.75,0.0,-0.04642399027943611,-0.025952301919460297,1.0,1.0,19.0,19.0,4.0,3.0,16.0,3.0
42.599998474121094,14.699999809265137,0.0,2.0,4.0,-0.5,-3.0,0.0,-0.08318571746349335,-0.028704933822155,1.0,1.0,19.0,19.0,4.0,3.0,16.0,3.0
