x,y,z,dyn_prop,id,rcs,vx,vy,vx_comp,vy_comp,is_quality_valid,ambig_state,x_rms,y_rms,invalid_state,pdh0,vx_rms,vy_rms
3.799999952316284,7.300000190734863,0.0,4.0,0.0,-3.5,0.0,0.0,3.4084792137145996,6.547867774963379,1.0,0.0,0.0,0.0,7.0,6.0,0.0,0.0
4.0,8.5,0.0,4.0,1.0,3.5,0.0,0.0,3.2054603099823,6.811604022979736,1.0,0.0,0.0,0.0,7.0,6.0,0.0,0.0
17.399999618530273,-13.5,0.0,0.0,2.0,2.5,6.5,0.0,0.06359259784221649,-0.049339089542627335,1.0,3.0,19.0,20.0,0.0,1.0,17.0,3.0
17.200000762939453,-14.5,0.0,0.0,3.0,-4.5,7.0,0.0,0.025960754603147507,-0.021885519847273827,1.0,3.0,20.0,20.0,4.0,3.0,17.0,3.0
17.200000762939453,-15.300000190734863,0.0,0.0,4.0,-3.0,7.5,0.0,0.08839879184961319,-0.07863380014896393,1.0,1.0,19.0,19.0,0.0,1.0,17.0,3.0
