x,y,z,dyn_prop,id,rcs,vx,vy,vx_comp,vy_comp,is_quality_valid,ambig_state,x_rms,y_rms,invalid_state,pdh0,vx_rms,vy_rms
17.200000762939453,0.5,0.0,1.0,0.0,0.5,-0.25,-0.25,0.012264535762369633,0.00035652719088830054,1.0,3.0,19.0,19.0,0.0,1.0,16.0,3.0
23.200000762939453,-1.899999976158142,0.0,5.0,1.0,-5.0,0.5,-0.25,-0.14461489021778107,0.011843460611999035,1.0,3.0,19.0,19.0,4.0,3.0,16.0,3.0
23.399999618530273,0.10000000149011612,0.0,5.0,2.0,15.5,0.0,-0.25,0.05940571054816246,0.0002538705593906343,1.0,3.0,19.0,19.0,0.0,1.0,16.0,3.0
24.399999618530273,-10.699999809265137,0.0,0.0,3.0,7.0,3.5,-0.25,-0.05309123173356056,0.02328181080520153,1.0,3.0,20.0,19.0,0.0,1.0,16.0,3.0
58.79999923706055,0.5,0.0,1.0,4.0,-2.0,0.0,-0.5,0.09188077598810196,0.0007812991389073431,1.0,3.0,19.0,20.0,4.0,3.0,16.0,3.0
68.4000015258789,0.699999988079071,0.0,3.0,5.0,-3.5,0.0,-0.5,0.10560177266597748,0.0010807197540998459,1.0,3.0,20.0,21.0,4.0,3.0,16.0,3.0
