x,y,z,dyn_prop,id,rcs,vx,vy,vx_comp,vy_comp,is_quality_valid,ambig_state,x_rms,y_rms,invalid_state,pdh0,vx_rms,vy_rms
4.800000190734863,-9.899999618530273,0.0,4.0,0.0,-3.5,0.0,0.0,-3.3097951412200928,6.826451301574707,1.0,0.0,0.0,0.0,7.0,6.0,0.0,0.0
5.599999904632568,16.5,0.0,4.0,1.0,5.0,0.0,0.0,2.5715179443359375,7.576794624328613,1.0,0.0,0.0,0.0,7.0,6.0,0.0,0.0
23.0,-2.299999952316284,0.0,5.0,2.0,-4.5,0.75,-0.25,-0.04647011309862137,0.004647011402994394,1.0,3.0,19.0,19.0,4.0,3.0,16.0,3.0
17.399999618530273,20.100000381469727,0.0,3.0,3.0,0.5,-0.5,-0.25,3.8491013050079346,4.446376323699951,1.0,3.0,20.0,20.0,10.0,3.0,18.0,3.0
24.0,-18.299999237060547,0.0,0.0,4.0,-4.5,6.5,0.0,0.05390358716249466,-0.04110148176550865,1.0,1.0,19.0,19.0,4.0,3.0,17.0,3.0
23.799999237060547,-21.899999618530273,0.0,0.0,5.0,-1.0,7.75,0.0,0.0022796776611357927,-0.00209768651984632,1.0,1.0,19.0,19.0,0.0,1.0,17.0,3.0
