x,y,z,dyn_prop,id,rcs,vx,vy,vx_comp,vy_comp,is_quality_valid,ambig_state,x_rms,y_rms,invalid_state,pdh0,vx_rms,vy_rms
5.199999809265137,-9.300000190734863,0.0,4.0,0.0,-4.5,0.0,0.0,-3.59771990776062,6.434384346008301,1.0,0.0,0.0,0.0,7.0,6.0,0.0,0.0
17.200000762939453,-0.8999999761581421,0.0,3.0,1.0,-4.5,0.5,-0.25,0.08630283921957016,-0.004515846259891987,1.0,3.0,19.0,19.0,0.0,1.0,16.0,3.0
23.399999618530273,0.5,0.0,5.0,2.0,14.5,-0.25,-0.25,-0.058790791779756546,-0.0012562135234475136,1.0,3.0,19.0,19.0,0.0,1.0,16.0,3.0
23.399999618530273,-0.699999988079071,0.0,5.0,3.0,7.5,0.25,-0.25,0.020400846377015114,-0.0006102817715145648,1.0,3.0,20.0,19.0,0.0,1.0,16.0,3.0
23.799999237060547,9.899999618530273,0.0,2.0,4.0,-2.0,-3.75,0.0,-0.18515218794345856,-0.07701708376407623,1.0,1.0,20.0,19.0,0.0,1.0,16.0,3.0
24.200000762939453,-10.300000190734863,0.0,0.0,5.0,2.0,3.5,0.0,-0.07001779228448868,0.029800962656736374,1.0,3.0,21.0,19.0,0.0,1.0,16.0,3.0
23.200000762939453,-14.300000190734863,0.0,0.0,6.0,-5.0,5.25,0.0,0.039458081126213074,-0.024321146309375763,1.0,2.0,19.0,19.0,4.0,3.0,17.0,3.0
23.799999237060547,-13.5,0.0,0.0,7.0,-3.0,5.0,0.0,0.1664673388004303,-0.09442475438117981,1.0,2.0,19.0,19.0,4.0,3.0,17.0,3.0
58.79999923706055,0.30000001192092896,0.0,1.0,8.0,-4.5,0.0,-0.5,0.05644899979233742,0.0002880051324609667,1.0,3.0,20.0,21.0,4.0,3.0,16.0,3.0
23.399999618530273,-0.699999988079071,0.0,5.0,9.0,1.0,0.25,-0.25,0.020400846377015114,-0.0006102817715145648,1.0,3.0,21.0,19.0,0.0,1.0,16.0,3.0
23.399999618530273,-1.100000023841858,0.0,5.0,10.0,-1.0,0.25,-0.25,-0.11957107484340668,0.005620862357318401,1.0,3.0,21.0,19.0,0.0,1.0,16.0,3.0
66.80000305175781,-14.5,0.0,4.0,11.0,-5.0,0.0,0.0,-1.737533688545227,0.3771592378616333,1.0,0.0,0.0,0.0,7.0,6.0,0.0,0.0
