x,y,z,dyn_prop,id,rcs,vx,vy,vx_comp,vy_comp,is_quality_valid,ambig_state,x_rms,y_rms,invalid_state,pdh0,vx_rms,vy_rms
5.0,-4.5,0.0,6.0,0.0,-0.5,7.0,0.0,-0.32487574219703674,0.2923881411552429,1.0,3.0,19.0,19.0,0.0,1.0,17.0,3.0
5.400000095367432,-9.899999618530273,0.0,4.0,1.0,-1.0,0.0,0.0,-3.5495412349700928,6.507492542266846,1.0,0.0,0.0,0.0,7.0,6.0,0.0,0.0
4.599999904632568,-12.699999809265137,0.0,4.0,2.0,1.5,0.0,0.0,-2.704913377761841,7.467912197113037,1.0,0.0,0.0,0.0,7.0,6.0,0.0,0.0
16.799999237060547,-2.0999999046325684,0.0,0.0,3.0,-2.5,1.0,-0.25,-0.0036080358549952507,0.00045100448187440634,1.0,3.0,20.0,21.0,0.0,1.0,16.0,3.0
17.799999237060547,-1.899999976158142,0.0,1.0,4.0,-5.0,0.75,-0.25,-0.1026727557182312,0.010959452949464321,1.0,3.0,19.0,19.0,11.0,3.0,16.0,3.0
23.200000762939453,-15.100000381469727,0.0,0.0,5.0,-1.0,5.5,0.0,0.013059813529253006,-0.008500137366354465,1.0,3.0,20.0,20.0,0.0,1.0,17.0,3.0
23.799999237060547,-14.300000190734863,0.0,0.0,6.0,0.5,5.0,0.0,-0.04294108599424362,0.025800738483667374,1.0,3.0,20.0,20.0,0.0,1.0,17.0,3.0
