x,y,z,dyn_prop,id,rcs,vx,vy,vx_comp,vy_comp,is_quality_valid,ambig_state,x_rms,y_rms,invalid_state,pdh0,vx_rms,vy_rms
4.199999809265137,-1.7000000476837158,0.0,1.0,0.0,-4.5,0.75,3.75,0.17008131742477417,-0.06884244829416275,1.0,3.0,19.0,19.0,0.0,1.0,16.0,3.0
5.800000190734863,10.5,0.0,4.0,1.0,0.5,0.0,0.0,-2.259722948074341,-4.090877532958984,1.0,0.0,0.0,0.0,7.0,6.0,0.0,0.0
12.399999618530273,11.100000381469727,0.0,0.0,2.0,-4.0,5.25,0.0,-0.012874090112745762,-0.011524387635290623,1.0,2.0,19.0,19.0,0.0,1.0,17.0,3.0
35.400001525878906,15.699999809265137,0.0,0.0,3.0,-2.0,3.0,0.0,-0.08811865001916885,-0.03908086568117142,1.0,1.0,19.0,19.0,4.0,3.0,16.0,3.0
36.599998474121094,14.899999618530273,0.0,0.0,4.0,-4.5,3.0,0.0,0.059401266276836395,0.024182483553886414,1.0,1.0,19.0,19.0,11.0,3.0,16.0,3.0
30.200000762939453,32.099998474121094,0.0,0.0,5.0,4.0,6.0,0.0,-0.03677348792552948,-0.039087045937776566,1.0,1.0,20.0,20.0,0.0,1.0,18.0,3.0
84.0,28.100000381469727,0.0,0.0,6.0,14.5,2.5,0.0,-0.07411187887191772,-0.02479218877851963,1.0,1.0,19.0,20.0,0.0,1.0,16.0,3.0
86.80000305175781,30.899999618530273,0.0,0.0,7.0,4.0,2.75,0.0,0.057301949709653854,0.02039896510541439,1.0,1.0,20.0,22.0,9.0,3.0,16.0,3.0
101.0,29.899999618530273,0.0,0.0,8.0,10.5,2.5,0.0,0.09405688941478729,0.027844564989209175,1.0,1.0,19.0,21.0,0.0,1.0,16.0,3.0
