x,y,z,dyn_prop,id,rcs,vx,vy,vx_comp,vy_comp,is_quality_valid,ambig_state,x_rms,y_rms,invalid_state,pdh0,vx_rms,vy_rms
4.800000190734863,2.299999952316284,0.0,0.0,0.0,1.0,1.5,3.75,0.14785689115524292,0.07084808498620987,1.0,3.0,19.0,19.0,0.0,1.0,16.0,3.0
11.399999618530273,6.900000095367432,0.0,6.0,1.0,12.0,3.75,0.0,0.015398366376757622,0.009320063516497612,1.0,3.0,19.0,19.0,0.0,1.0,17.0,3.0
10.399999618530273,15.300000190734863,0.0,0.0,2.0,0.0,8.0,0.0,0.017546366900205612,0.025813408195972443,1.0,1.0,20.0,20.0,0.0,1.0,19.0,3.0
33.20000076293945,21.299999237060547,0.0,0.0,3.0,2.5,4.0,0.0,0.06680398434400558,0.04285917803645134,1.0,1.0,19.0,19.0,0.0,1.0,17.0,3.0
34.20000076293945,-22.299999237060547,0.0,2.0,4.0,-1.5,-2.0,0.0,0.2751602232456207,-0.17941734194755554,1.0,2.0,20.0,20.0,4.0,3.0,17.0,3.0
53.400001525878906,-40.70000076293945,0.0,2.0,5.0,3.0,-2.75,0.0,0.11277424544095993,-0.08595340698957443,1.0,1.0,20.0,21.0,0.0,1.0,17.0,3.0
78.5999984741211,38.70000076293945,0.0,0.0,6.0,4.0,3.25,0.0,0.0568789504468441,0.028005285188555717,1.0,1.0,21.0,22.0,0.0,1.0,16.0,3.0
80.0,40.29999923706055,0.0,0.0,7.0,5.0,3.25,0.0,0.012161671184003353,0.006126441992819309,1.0,1.0,20.0,21.0,0.0,1.0,16.0,3.0
82.0,42.70000076293945,0.0,0.0,8.0,5.0,3.5,0.0,0.14362764358520508,0.07479146867990494,1.0,1.0,21.0,22.0,0.0,1.0,16.0,3.0
