x,y,z,dyn_prop,id,rcs,vx,vy,vx_comp,vy_comp,is_quality_valid,ambig_state,x_rms,y_rms,invalid_state,pdh0,vx_rms,vy_rms
11.199999809265137,7.699999809265137,0.0,6.0,0.0,9.5,4.0,0.0,-0.05031517148017883,-0.0345916822552681,1.0,3.0,19.0,19.0,0.0,1.0,17.0,3.0
10.399999618530273,14.899999618530273,0.0,0.0,1.0,-3.5,8.0,0.0,0.09669520705938339,0.13853447139263153,1.0,2.0,19.0,19.0,0.0,1.0,18.0,3.0
30.600000381469727,23.5,0.0,0.0,2.0,-4.0,4.5,0.0,0.021272005513310432,0.016336342319846153,1.0,1.0,20.0,20.0,4.0,3.0,17.0,3.0
35.599998474121094,-18.700000762939453,0.0,3.0,3.0,-3.0,7.0,16.25,0.23434576392173767,-0.12309736758470535,1.0,3.0,19.0,20.0,4.0,3.0,16.0,3.0
53.599998474121094,-26.5,0.0,3.0,4.0,0.0,10.5,23.5,0.45475074648857117,-0.22483013570308685,1.0,3.0,20.0,20.0,4.0,3.0,16.0,3.0
54.400001525878906,-27.899999618530273,0.0,3.0,5.0,0.0,11.0,23.75,0.4700867533683777,-0.2410922795534134,1.0,3.0,21.0,21.0,0.0,1.0,17.0,3.0
80.5999984741211,45.900001525878906,0.0,0.0,6.0,6.0,3.5,0.0,0.0006993620190769434,0.0003982719499617815,1.0,1.0,21.0,22.0,0.0,1.0,17.0,3.0
