x,y,z,dyn_prop,id,rcs,vx,vy,vx_comp,vy_comp,is_quality_valid,ambig_state,x_rms,y_rms,invalid_state,pdh0,vx_rms,vy_rms
4.599999904632568,6.900000095367432,0.0,0.0,0.0,-4.0,8.25,0.0,0.28146523237228394,0.4221978783607483,1.0,3.0,20.0,21.0,0.0,1.0,19.0,3.0
9.600000381469727,-7.900000095367432,0.0,2.0,1.0,-3.0,-3.75,0.0,0.14641916751861572,-0.12049075961112976,1.0,1.0,19.0,19.0,0.0,1.0,17.0,3.0
60.79999923706055,-24.700000762939453,0.0,2.0,2.0,-2.0,-1.75,0.0,0.18294739723205566,-0.07432238757610321,1.0,1.0,20.0,21.0,4.0,3.0,16.0,3.0
72.0,-9.899999618530273,0.0,3.0,3.0,-2.5,0.5,7.75,0.08498993515968323,-0.011686115525662899,1.0,3.0,19.0,21.0,4.0,3.0,16.0,3.0
