x,y,z,dyn_prop,id,rcs,vx,vy,vx_comp,vy_comp,is_quality_valid,ambig_state,x_rms,y_rms,invalid_state,pdh0,vx_rms,vy_rms
5.400000095367432,7.300000190734863,0.0,0.0,0.0,-3.5,7.25,0.0,0.22469577193260193,0.30375540256500244,1.0,3.0,20.0,21.0,0.0,1.0,19.0,3.0
9.0,-0.699999988079071,0.0,3.0,1.0,-4.5,-0.25,1.0,0.060420677065849304,-0.004699385724961758,1.0,3.0,19.0,19.0,0.0,1.0,16.0,3.0
39.20000076293945,-2.299999952316284,0.0,3.0,2.0,-4.0,0.0,3.5,0.08931431919336319,-0.005240380764007568,1.0,3.0,19.0,19.0,4.0,3.0,16.0,3.0
60.79999923706055,-23.899999618530273,0.0,2.0,3.0,0.5,-1.75,0.0,0.1586579829454422,-0.06236719712615013,1.0,2.0,19.0,20.0,0.0,1.0,16.0,3.0
77.0,-8.899999618530273,0.0,3.0,4.0,-1.0,0.25,6.25,0.10002607107162476,-0.011561454273760319,1.0,3.0,20.0,21.0,4.0,3.0,16.0,3.0
9.0,-0.5,0.0,3.0,5.0,3.5,0.0,1.0,0.22346018254756927,-0.012414454482495785,1.0,3.0,20.0,19.0,0.0,1.0,16.0,3.0
68.0,14.899999618530273,0.0,4.0,6.0,-5.0,0.0,0.0,-1.0169904232025146,-0.2228405475616455,1.0,0.0,0.0,0.0,7.0,6.0,0.0,0.0
