x,y,z,dyn_prop,id,rcs,vx,vy,vx_comp,vy_comp,is_quality_valid,ambig_state,x_rms,y_rms,invalid_state,pdh0,vx_rms,vy_rms
9.0,-0.30000001192092896,0.0,1.0,0.0,-3.0,0.0,0.75,0.20493926107883453,-0.006831309292465448,1.0,3.0,19.0,19.0,0.0,1.0,16.0,3.0
9.600000381469727,-6.5,0.0,2.0,1.0,-3.0,-3.25,0.0,0.10298902541399002,-0.06973215192556381,1.0,2.0,19.0,19.0,16.0,1.0,17.0,3.0
39.20000076293945,0.8999999761581421,0.0,3.0,2.0,-3.0,0.25,2.25,0.25448811054229736,0.005842838902026415,1.0,3.0,19.0,19.0,4.0,3.0,16.0,3.0
43.400001525878906,-2.5,0.0,3.0,3.0,-3.5,0.0,2.5,0.20499275624752045,-0.011808337643742561,1.0,3.0,19.0,20.0,4.0,3.0,16.0,3.0
46.79999923706055,2.700000047683716,0.0,1.0,4.0,0.5,0.25,2.5,0.1755731850862503,0.010129221715033054,1.0,3.0,19.0,19.0,0.0,1.0,16.0,3.0
9.199999809265137,-0.30000001192092896,0.0,1.0,5.0,-5.0,0.0,0.75,0.20192739367485046,-0.006584589369595051,1.0,3.0,21.0,19.0,0.0,1.0,16.0,3.0
79.5999984741211,4.900000095367432,0.0,3.0,6.0,-4.5,0.25,4.25,0.27347615361213684,0.01683458872139454,1.0,3.0,21.0,20.0,4.0,3.0,16.0,3.0
112.19999694824219,9.100000381469727,0.0,3.0,7.0,-2.0,0.0,5.75,0.1321197897195816,0.010715598240494728,1.0,3.0,21.0,23.0,4.0,3.0,16.0,3.0
