x,y,z,dyn_prop,id,rcs,vx,vy,vx_comp,vy_comp,is_quality_valid,ambig_state,x_rms,y_rms,invalid_state,pdh0,vx_rms,vy_rms
43.400001525878906,10.100000381469727,0.0,0.0,0.0,-3.0,1.25,0.0,0.18883179128170013,0.04394472390413284,1.0,1.0,19.0,19.0,4.0,3.0,16.0,3.0
38.599998474121094,-25.899999618530273,0.0,2.0,1.0,0.0,-3.25,0.0,0.16594450175762177,-0.11134617775678635,1.0,1.0,19.0,20.0,0.0,1.0,17.0,3.0
40.599998474121094,-24.5,0.0,2.0,2.0,-3.5,-3.0,0.0,0.11087509244680405,-0.0669073760509491,1.0,1.0,21.0,21.0,4.0,3.0,17.0,3.0
56.79999923706055,14.100000381469727,0.0,0.0,3.0,0.0,1.25,0.0,0.11403238773345947,0.028307335451245308,1.0,2.0,19.0,19.0,0.0,1.0,16.0,3.0
58.599998474121094,15.300000190734863,0.0,0.0,4.0,-1.5,1.25,0.0,0.052863918244838715,0.013802354224026203,1.0,2.0,19.0,19.0,4.0,3.0,16.0,3.0
60.599998474121094,17.100000381469727,0.0,0.0,5.0,2.0,1.5,0.0,0.18571142852306366,0.05240371823310852,1.0,1.0,19.0,19.0,0.0,1.0,16.0,3.0
61.400001525878906,-19.899999618530273,0.0,2.0,6.0,6.0,-1.75,0.0,-0.0023568705655634403,0.0007638717070221901,1.0,3.0,20.0,20.0,0.0,1.0,16.0,3.0
65.0,21.5,0.0,0.0,7.0,-4.0,1.75,0.0,0.18595722317695618,0.06150893121957779,1.0,1.0,20.0,21.0,4.0,3.0,16.0,3.0
78.0,22.100000381469727,0.0,0.0,8.0,-3.0,1.5,0.0,0.18022552132606506,0.0510638989508152,1.0,1.0,20.0,21.0,4.0,3.0,16.0,3.0
