x,y,z,dyn_prop,id,rcs,vx,vy,vx_comp,vy_comp,is_quality_valid,ambig_state,x_rms,y_rms,invalid_state,pdh0,vx_rms,vy_rms
7.400000095367432,7.699999809265137,0.0,0.0,0.0,-3.5,5.5,0.0,0.061986520886421204,0.06449948251247406,1.0,1.0,19.0,19.0,0.0,1.0,17.0,3.0
38.599998474121094,7.300000190734863,0.0,0.0,1.0,-2.5,1.0,0.0,0.15637396275997162,0.029573315754532814,1.0,2.0,19.0,19.0,4.0,3.0,16.0,3.0
12.800000190734863,49.70000076293945,0.0,4.0,2.0,37.0,0.0,0.0,-1.275349736213684,-4.951943874359131,1.0,0.0,0.0,0.0,7.0,6.0,0.0,0.0
61.400001525878906,-14.699999809265137,0.0,2.0,3.0,8.0,-1.5,-0.5,0.05970929563045502,-0.014295222237706184,1.0,3.0,19.0,20.0,0.0,1.0,16.0,3.0
68.4000015258789,-11.5,0.0,3.0,4.0,-1.5,-1.0,-0.5,0.14390838146209717,-0.024195123463869095,1.0,3.0,20.0,21.0,4.0,3.0,16.0,3.0
85.4000015258789,20.899999618530273,0.0,0.0,5.0,-1.5,1.25,0.0,0.10934872180223465,0.02676098607480526,1.0,1.0,20.0,22.0,4.0,3.0,16.0,3.0
86.19999694824219,20.100000381469727,0.0,0.0,6.0,-3.0,1.25,0.0,0.16825130581855774,0.039232611656188965,1.0,1.0,20.0,22.0,4.0,3.0,16.0,3.0
102.80000305175781,-23.299999237060547,0.0,2.0,7.0,2.0,-1.25,0.0,0.11936048418283463,-0.02705349214375019,1.0,1.0,20.0,22.0,0.0,1.0,16.0,3.0
85.80000305175781,-19.100000381469727,0.0,4.0,8.0,0.5,0.0,0.0,1.2900394201278687,-0.28717660903930664,1.0,0.0,0.0,0.0,7.0,6.0,0.0,0.0
