x,y,z,dyn_prop,id,rcs,vx,vy,vx_comp,vy_comp,is_quality_valid,ambig_state,x_rms,y_rms,invalid_state,pdh0,vx_rms,vy_rms
39.0,24.5,0.0,0.0,0.0,-2.5,3.5,0.0,0.23815783858299255,0.14961197972297668,1.0,2.0,20.0,20.0,4.0,3.0,17.0,3.0
46.79999923706055,10.100000381469727,0.0,0.0,1.0,-3.5,1.25,0.0,0.2715580463409424,0.05860547721385956,1.0,1.0,19.0,19.0,4.0,3.0,16.0,3.0
61.400001525878906,-14.300000190734863,0.0,2.0,2.0,8.0,-1.5,-0.25,-0.010985694825649261,0.0025585575494915247,1.0,3.0,19.0,20.0,0.0,1.0,16.0,3.0
67.0,-12.5,0.0,3.0,3.0,-4.0,-1.0,-0.25,0.2217191904783249,-0.04136551916599274,1.0,3.0,20.0,21.0,11.0,3.0,16.0,3.0
86.4000015258789,20.899999618530273,0.0,0.0,4.0,3.5,1.25,0.0,0.13690239191055298,0.03311643376946449,1.0,2.0,19.0,20.0,0.0,1.0,16.0,3.0
87.4000015258789,21.100000381469727,0.0,0.0,5.0,-4.0,1.25,0.0,0.13935115933418274,0.033641982823610306,1.0,1.0,20.0,22.0,11.0,3.0,16.0,3.0
8.800000190734863,-0.699999988079071,0.0,1.0,6.0,-4.5,-0.5,0.0,0.11062970012426376,-0.008800090290606022,1.0,3.0,21.0,19.0,0.0,1.0,16.0,3.0
61.20000076293945,13.699999809265137,0.0,4.0,7.0,3.0,0.0,0.0,-0.9606102705001831,-0.21503855288028717,1.0,0.0,0.0,0.0,7.0,6.0,0.0,0.0
