x,y,z,dyn_prop,id,rcs,vx,vy,vx_comp,vy_comp,is_quality_valid,ambig_state,x_rms,y_rms,invalid_state,pdh0,vx_rms,vy_rms
3.5999999046325684,1.2999999523162842,0.0,6.0,0.0,-3.5,1.75,0.25,-0.10844217240810394,-0.03915967419743538,1.0,3.0,19.0,19.0,0.0,1.0,16.0,3.0
8.600000381469727,0.699999988079071,0.0,1.0,1.0,-1.0,0.5,0.25,0.16832080483436584,0.013700529932975769,1.0,3.0,19.0,19.0,0.0,1.0,16.0,3.0
7.599999904632568,-12.899999618530273,0.0,2.0,2.0,-4.0,-9.25,0.0,0.16741792857646942,-0.28416988253593445,1.0,2.0,19.0,19.0,0.0,1.0,19.0,3.0
8.399999618530273,-1.2999999523162842,0.0,1.0,3.0,-2.5,0.75,0.25,1.6810617446899414,-0.2601643204689026,1.0,3.0,21.0,19.0,0.0,3.0,16.0,3.0
8.600000381469727,1.100000023841858,0.0,1.0,4.0,-1.5,0.5,0.25,-0.0855736956000328,-0.010945472866296768,1.0,3.0,20.0,19.0,0.0,1.0,16.0,3.0
61.400001525878906,6.900000095367432,0.0,3.0,5.0,-4.5,-0.75,1.25,-1.1247820854187012,-0.12640060484409332,1.0,3.0,21.0,20.0,4.0,3.0,16.0,3.0
65.19999694824219,9.699999809265137,0.0,3.0,6.0,-4.5,-0.75,1.5,-1.238623023033142,-0.18427367508411407,1.0,3.0,21.0,20.0,4.0,3.0,16.0,3.0
