x,y,z,dyn_prop,id,rcs,vx,vy,vx_comp,vy_comp,is_quality_valid,ambig_state,x_rms,y_rms,invalid_state,pdh0,vx_rms,vy_rms
5.599999904632568,-11.5,0.0,4.0,0.0,-1.0,0.0,0.0,2.304507255554199,-4.732470512390137,1.0,0.0,0.0,0.0,7.0,6.0,0.0,0.0
8.399999618530273,-10.699999809265137,0.0,6.0,1.0,-4.5,-7.5,0.25,-0.12205026298761368,0.15546879172325134,1.0,3.0,20.0,20.0,0.0,1.0,18.0,3.0
5.599999904632568,12.699999809265137,0.0,4.0,2.0,-0.5,0.0,0.0,-2.124689817428589,-4.8184919357299805,1.0,0.0,0.0,0.0,7.0,6.0,0.0,0.0
7.800000190734863,-11.5,0.0,6.0,3.0,-1.5,-8.5,0.25,-0.06507407873868942,0.09594254195690155,1.0,3.0,19.0,19.0,0.0,1.0,19.0,3.0
18.0,22.700000762939453,0.0,0.0,4.0,0.5,7.5,0.0,0.11170246452093124,0.14086923003196716,1.0,1.0,20.0,20.0,0.0,1.0,18.0,3.0
36.599998474121094,-22.5,0.0,2.0,5.0,-0.5,-3.5,0.0,0.1263936460018158,-0.07770101726055145,1.0,2.0,19.0,19.0,4.0,3.0,17.0,3.0
68.5999984741211,-2.5,0.0,3.0,6.0,1.0,-0.25,1.5,0.013797878287732601,-0.0005028381128795445,1.0,3.0,19.0,20.0,0.0,1.0,16.0,3.0
120.5999984741211,-17.5,0.0,3.0,7.0,1.5,-0.5,2.5,0.08446510881185532,-0.012256545946002007,1.0,3.0,20.0,23.0,15.0,1.0,16.0,3.0
67.4000015258789,14.100000381469727,0.0,4.0,8.0,-2.0,0.0,0.0,-1.0604592561721802,-0.2218468338251114,1.0,0.0,0.0,0.0,7.0,6.0,0.0,0.0
