x,y,z,dyn_prop,id,rcs,vx,vy,vx_comp,vy_comp,is_quality_valid,ambig_state,x_rms,y_rms,invalid_state,pdh0,vx_rms,vy_rms
8.399999618530273,-0.10000000149011612,0.0,1.0,0.0,3.5,-0.25,0.25,-0.03655187785625458,0.00043514143908396363,1.0,3.0,19.0,19.0,0.0,1.0,16.0,3.0
8.800000190734863,-2.5,0.0,2.0,1.0,-3.0,-1.75,0.25,0.012308992445468903,-0.0034968729596585035,1.0,3.0,20.0,20.0,0.0,1.0,16.0,3.0
6.0,-7.900000095367432,0.0,2.0,2.0,-3.5,-7.5,0.0,0.17269322276115417,-0.2273794263601303,1.0,2.0,19.0,19.0,0.0,1.0,18.0,3.0
38.400001525878906,-14.699999809265137,0.0,2.0,3.0,-3.5,-2.25,0.0,0.1492638885974884,-0.05714007839560509,1.0,2.0,19.0,19.0,4.0,3.0,16.0,3.0
54.400001525878906,11.5,0.0,0.0,4.0,1.0,1.25,0.0,0.13313749432563782,0.028144871816039085,1.0,1.0,19.0,19.0,0.0,1.0,16.0,3.0
56.599998474121094,8.899999618530273,0.0,0.0,5.0,0.0,1.0,0.0,0.2058895230293274,0.03237485513091087,1.0,1.0,19.0,19.0,0.0,1.0,16.0,3.0
64.5999984741211,12.5,0.0,0.0,6.0,-2.5,1.25,0.0,0.23661912977695465,0.045785438269376755,1.0,2.0,19.0,20.0,4.0,3.0,16.0,3.0
8.800000190734863,-0.10000000149011612,0.0,1.0,7.0,0.5,-0.25,0.25,-0.039633192121982574,0.00045037720701657236,1.0,3.0,21.0,19.0,0.0,1.0,16.0,3.0
54.0,11.899999618530273,0.0,4.0,8.0,-4.5,0.0,0.0,-1.1103302240371704,-0.2446838766336441,1.0,0.0,0.0,0.0,7.0,6.0,0.0,0.0
64.5999984741211,11.899999618530273,0.0,4.0,9.0,0.0,0.0,0.0,-0.9181566834449768,-0.16913411021232605,1.0,0.0,0.0,0.0,7.0,6.0,0.0,0.0
66.19999694824219,11.899999618530273,0.0,4.0,10.0,-2.5,0.0,0.0,-0.8939618468284607,-0.1606970727443695,1.0,0.0,0.0,0.0,7.0,6.0,0.0,0.0
67.5999984741211,-12.699999809265137,0.0,4.0,11.0,-2.0,0.0,0.0,1.21933913230896,-0.2290770262479782,1.0,0.0,0.0,0.0,7.0,6.0,0.0,0.0
