x,y,z,dyn_prop,id,rcs,vx,vy,vx_comp,vy_comp,is_quality_valid,ambig_state,x_rms,y_rms,invalid_state,pdh0,vx_rms,vy_rms
8.399999618530273,-0.10000000149011612,0.0,1.0,0.0,4.5,0.0,0.25,0.2212468385696411,-0.0026338910683989525,1.0,3.0,19.0,19.0,0.0,1.0,16.0,3.0
8.800000190734863,-0.699999988079071,0.0,1.0,1.0,3.0,-0.5,0.25,0.10970966517925262,-0.008726905100047588,1.0,3.0,19.0,19.0,0.0,1.0,16.0,3.0
37.0,-18.100000381469727,0.0,2.0,2.0,-2.5,-3.0,0.0,0.07206761837005615,-0.03525470197200775,1.0,1.0,19.0,19.0,4.0,3.0,16.0,3.0
43.0,29.700000762939453,0.0,0.0,3.0,1.0,4.25,0.0,0.1737557202577591,0.12001267075538635,1.0,1.0,20.0,20.0,0.0,1.0,17.0,3.0
57.79999923706055,9.899999618530273,0.0,0.0,4.0,-5.0,1.0,0.0,0.12107300758361816,0.02073741890490055,1.0,1.0,19.0,20.0,4.0,3.0,16.0,3.0
84.19999694824219,-9.300000190734863,0.0,3.0,5.0,-1.0,-0.5,1.25,0.17560657858848572,-0.01939597725868225,1.0,3.0,20.0,22.0,4.0,3.0,16.0,3.0
89.0,10.100000381469727,0.0,0.0,6.0,-2.5,0.75,0.0,0.21875424683094025,0.024824921041727066,1.0,1.0,21.0,22.0,4.0,3.0,16.0,3.0
8.399999618530273,-0.10000000149011612,0.0,1.0,7.0,0.5,0.0,0.25,0.2212468385696411,-0.0026338910683989525,1.0,3.0,20.0,19.0,0.0,1.0,16.0,3.0
88.80000305175781,10.5,0.0,0.0,8.0,-2.0,0.75,0.0,0.19033633172512054,0.022505983710289,1.0,2.0,20.0,21.0,4.0,3.0,16.0,3.0
