x,y,z,dyn_prop,id,rcs,vx,vy,vx_comp,vy_comp,is_quality_valid,ambig_state,x_rms,y_rms,invalid_state,pdh0,vx_rms,vy_rms
8.399999618530273,-0.10000000149011612,0.0,1.0,0.0,-4.0,0.0,0.0,0.21976403892040253,-0.0026162387803196907,1.0,3.0,19.0,19.0,0.0,1.0,16.0,3.0
42.79999923706055,25.5,0.0,0.0,1.0,-5.0,3.5,0.0,0.09093225747346878,0.054176926612854004,1.0,2.0,20.0,20.0,4.0,3.0,17.0,3.0
44.0,26.100000381469727,0.0,0.0,2.0,-4.0,3.5,0.0,0.10257843136787415,0.06084766611456871,1.0,1.0,21.0,21.0,4.0,3.0,17.0,3.0
61.20000076293945,-54.70000076293945,0.0,2.0,3.0,6.5,-5.25,0.0,0.1051320806145668,-0.09396608173847198,1.0,1.0,22.0,22.0,0.0,1.0,17.0,3.0
84.4000015258789,-1.2999999523162842,0.0,3.0,4.0,3.5,0.0,0.75,0.22889165580272675,-0.0035255819093436003,1.0,3.0,19.0,21.0,0.0,1.0,16.0,3.0
83.80000305175781,18.700000762939453,0.0,0.0,5.0,1.0,1.25,0.0,0.07492251694202423,0.01671898551285267,1.0,1.0,19.0,20.0,0.0,1.0,16.0,3.0
8.399999618530273,-0.10000000149011612,0.0,1.0,6.0,10.0,0.0,0.0,0.21976403892040253,-0.0026162387803196907,1.0,3.0,21.0,19.0,8.0,6.0,16.0,3.0
