x,y,z,dyn_prop,id,rcs,vx,vy,vx_comp,vy_comp,is_quality_valid,ambig_state,x_rms,y_rms,invalid_state,pdh0,vx_rms,vy_rms
3.4000000953674316,0.10000000149011612,0.0,5.0,0.0,-3.5,0.0,0.0,-0.024819325655698776,-0.0007299801800400019,1.0,3.0,19.0,19.0,0.0,1.0,16.0,3.0
9.800000190734863,-14.899999618530273,0.0,2.0,1.0,7.0,-8.75,0.0,0.10485014319419861,-0.15941502153873444,1.0,2.0,19.0,19.0,0.0,1.0,18.0,3.0
42.79999923706055,27.100000381469727,0.0,0.0,2.0,-3.0,3.75,0.0,0.12239230424165726,0.07749606668949127,1.0,1.0,20.0,21.0,4.0,3.0,17.0,3.0
46.599998474121094,27.700000762939453,0.0,0.0,3.0,-2.5,3.5,0.0,0.11052703857421875,0.06569954752922058,1.0,1.0,20.0,21.0,4.0,3.0,17.0,3.0
57.20000076293945,17.5,0.0,0.0,4.0,-4.0,1.75,0.0,0.08917410671710968,0.027282288298010826,1.0,1.0,20.0,21.0,4.0,3.0,16.0,3.0
52.20000076293945,33.70000076293945,0.0,0.0,5.0,1.5,3.75,0.0,0.069438636302948,0.04482915997505188,1.0,1.0,21.0,21.0,0.0,1.0,17.0,3.0
63.400001525878906,19.299999237060547,0.0,0.0,6.0,-5.0,1.75,0.0,0.0974794402718544,0.029674338176846504,1.0,1.0,21.0,21.0,4.0,3.0,16.0,3.0
64.5999984741211,17.5,0.0,0.0,7.0,-2.5,1.5,0.0,0.05012102797627449,0.013577678240835667,1.0,2.0,19.0,20.0,4.0,3.0,16.0,3.0
78.5999984741211,-61.900001525878906,0.0,2.0,8.0,9.0,-4.75,0.0,0.02073678933084011,-0.016330881044268608,1.0,2.0,21.0,21.0,0.0,1.0,17.0,3.0
