x,y,z,dyn_prop,id,rcs,vx,vy,vx_comp,vy_comp,is_quality_valid,ambig_state,x_rms,y_rms,invalid_state,pdh0,vx_rms,vy_rms
3.4000000953674316,0.30000001192092896,0.0,5.0,0.0,-4.5,0.25,0.0,-0.11117426306009293,-0.009809494018554688,1.0,3.0,19.0,19.0,0.0,1.0,16.0,3.0
9.800000190734863,-14.300000190734863,0.0,6.0,1.0,14.0,-8.75,0.0,-0.00703709851950407,0.010268419049680233,1.0,3.0,20.0,21.0,0.0,1.0,18.0,3.0
44.0,27.700000762939453,0.0,0.0,2.0,-3.0,3.75,0.0,0.14905989170074463,0.09383998066186905,1.0,1.0,20.0,20.0,4.0,3.0,17.0,3.0
61.79999923706055,-51.900001525878906,0.0,2.0,3.0,8.5,-5.0,0.0,0.05252058804035187,-0.0441070981323719,1.0,3.0,21.0,22.0,0.0,1.0,17.0,3.0
3.4000000953674316,0.30000001192092896,0.0,5.0,4.0,-2.0,0.5,0.0,0.13689440488815308,0.012078918516635895,1.0,3.0,20.0,19.0,0.0,1.0,16.0,3.0
8.600000381469727,-0.5,0.0,1.0,5.0,7.5,-0.25,0.0,0.24697652459144592,-0.01435909979045391,1.0,3.0,20.0,19.0,8.0,6.0,16.0,3.0
