x,y,z,dyn_prop,id,rcs,vx,vy,vx_comp,vy_comp,is_quality_valid,ambig_state,x_rms,y_rms,invalid_state,pdh0,vx_rms,vy_rms
3.4000000953674316,1.7000000476837158,0.0,6.0,0.0,-3.5,2.5,0.0,-0.17916542291641235,-0.08958271145820618,1.0,3.0,19.0,19.0,0.0,1.0,16.0,3.0
8.800000190734863,8.100000381469727,0.0,0.0,1.0,4.5,5.5,0.0,0.1860227882862091,0.17122553288936615,1.0,2.0,19.0,19.0,0.0,1.0,17.0,3.0
10.0,-12.5,0.0,6.0,2.0,5.0,-7.5,0.0,-0.038966912776231766,0.04870864376425743,1.0,3.0,19.0,19.0,0.0,1.0,18.0,3.0
84.4000015258789,-1.100000023841858,0.0,1.0,3.0,0.0,0.0,-0.25,0.24726028740406036,-0.0032225868199020624,1.0,3.0,20.0,22.0,4.0,3.0,16.0,3.0
8.399999618530273,-0.10000000149011612,0.0,1.0,4.0,2.0,0.0,0.0,0.2374822348356247,-0.002827169606462121,1.0,3.0,21.0,19.0,8.0,6.0,16.0,3.0
82.80000305175781,-17.100000381469727,0.0,4.0,5.0,-1.5,0.0,0.0,1.3076419830322266,-0.27005648612976074,1.0,0.0,0.0,0.0,7.0,6.0,0.0,0.0
