x,y,z,dyn_prop,id,rcs,vx,vy,vx_comp,vy_comp,is_quality_valid,ambig_state,x_rms,y_rms,invalid_state,pdh0,vx_rms,vy_rms
5.400000095367432,2.0999999046325684,0.0,6.0,0.0,-1.5,2.25,0.0,0.18434888124465942,0.07169122993946075,1.0,3.0,19.0,19.0,0.0,1.0,16.0,3.0
8.0,-0.10000000149011612,0.0,1.0,1.0,-2.5,0.0,0.0,0.2664732336997986,-0.0033309157006442547,1.0,3.0,19.0,19.0,0.0,1.0,16.0,3.0
8.399999618530273,1.899999976158142,0.0,0.0,2.0,-2.5,1.25,0.0,0.13912682235240936,0.03146916255354881,1.0,2.0,19.0,19.0,0.0,1.0,16.0,3.0
8.800000190734863,9.5,0.0,0.0,3.0,1.0,6.5,0.0,0.22966435551643372,0.24793310463428497,1.0,1.0,19.0,19.0,0.0,1.0,18.0,3.0
9.800000190734863,-12.300000190734863,0.0,6.0,4.0,4.0,-7.25,0.0,0.058254823088645935,-0.0731157436966896,1.0,3.0,19.0,19.0,10.0,3.0,18.0,3.0
45.400001525878906,-65.0999984741211,0.0,2.0,5.0,16.0,-8.5,0.0,-0.024023476988077164,0.03444775938987732,1.0,1.0,23.0,22.0,0.0,1.0,19.0,3.0
77.19999694824219,-59.29999923706055,0.0,2.0,6.0,7.0,-4.5,0.0,0.0656900703907013,-0.050458818674087524,1.0,1.0,22.0,23.0,0.0,1.0,17.0,3.0
8.199999809265137,-0.10000000149011612,0.0,1.0,7.0,-1.5,0.0,0.0,0.26472529768943787,-0.00322835729457438,1.0,3.0,21.0,19.0,8.0,6.0,16.0,3.0
82.5999984741211,-17.700000762939453,0.0,4.0,8.0,4.5,0.0,0.0,1.3623652458190918,-0.29193544387817383,1.0,0.0,0.0,0.0,7.0,6.0,0.0,0.0
