x,y,z,dyn_prop,id,rcs,vx,vy,vx_comp,vy_comp,is_quality_valid,ambig_state,x_rms,y_rms,invalid_state,pdh0,vx_rms,vy_rms
5.800000190734863,-6.300000190734863,0.0,3.0,0.0,-3.0,-0.25,0.0,2.8239476680755615,-3.0673916339874268,1.0,3.0,20.0,20.0,16.0,1.0,17.0,3.0
8.199999809265137,2.299999952316284,0.0,0.0,1.0,-1.0,1.5,0.0,0.09910938143730164,0.0277989711612463,1.0,3.0,20.0,20.0,0.0,1.0,16.0,3.0
9.800000190734863,-11.899999618530273,0.0,6.0,2.0,2.0,-7.0,0.0,0.0552171915769577,-0.06704943627119064,1.0,3.0,20.0,20.0,10.0,3.0,18.0,3.0
84.5999984741211,0.10000000149011612,0.0,3.0,3.0,-2.0,0.0,-0.25,0.20043247938156128,0.00023691781098023057,1.0,3.0,20.0,22.0,4.0,3.0,16.0,3.0
82.4000015258789,-18.100000381469727,0.0,4.0,4.0,3.5,0.0,0.0,1.3936889171600342,-0.30613797903060913,1.0,0.0,0.0,0.0,7.0,6.0,0.0,0.0
