x,y,z,dyn_prop,id,rcs,vx,vy,vx_comp,vy_comp,is_quality_valid,ambig_state,x_rms,y_rms,invalid_state,pdh0,vx_rms,vy_rms
8.600000381469727,-8.899999618530273,0.0,2.0,0.0,-3.5,-6.0,0.0,0.03367685154080391,-0.034851621836423874,1.0,1.0,19.0,19.0,0.0,1.0,17.0,3.0
9.800000190734863,-11.5,0.0,6.0,1.0,1.0,-6.75,0.0,0.04372446611523628,-0.05130932480096817,1.0,3.0,19.0,19.0,10.0,3.0,18.0,3.0
8.399999618530273,14.300000190734863,0.0,0.0,2.0,0.5,9.5,0.0,0.020746711641550064,0.035318806767463684,1.0,1.0,20.0,20.0,16.0,1.0,19.0,3.0
21.799999237060547,-2.5,0.0,3.0,3.0,-2.0,-0.75,-0.25,0.13957974314689636,-0.016006851568818092,1.0,3.0,21.0,20.0,0.0,1.0,16.0,3.0
61.400001525878906,9.899999618530273,0.0,0.0,4.0,-2.5,1.0,0.0,0.29382628202438354,0.04737589508295059,1.0,1.0,19.0,20.0,4.0,3.0,16.0,3.0
61.599998474121094,-50.5,0.0,2.0,5.0,7.5,-5.25,-0.5,0.007548000197857618,-0.006187889724969864,1.0,3.0,22.0,22.0,0.0,1.0,17.0,3.0
8.0,-0.10000000149011612,0.0,1.0,6.0,3.0,0.0,0.0,0.28451961278915405,-0.003556495299562812,1.0,3.0,21.0,19.0,8.0,6.0,16.0,3.0
82.5999984741211,-18.700000762939453,0.0,4.0,7.0,-0.5,0.0,0.0,1.4219958782196045,-0.32192888855934143,1.0,0.0,0.0,0.0,7.0,6.0,0.0,0.0
