x,y,z,dyn_prop,id,rcs,vx,vy,vx_comp,vy_comp,is_quality_valid,ambig_state,x_rms,y_rms,invalid_state,pdh0,vx_rms,vy_rms
10.199999809265137,-10.899999618530273,0.0,6.0,0.0,4.0,-6.5,-0.25,-0.0018674255115911365,0.001995582366362214,1.0,3.0,19.0,19.0,0.0,1.0,18.0,3.0
61.400001525878906,10.100000381469727,0.0,0.0,1.0,-3.0,1.0,0.0,0.28882530331611633,0.04751034453511238,1.0,2.0,19.0,19.0,4.0,3.0,16.0,3.0
77.5999984741211,-57.70000076293945,0.0,2.0,2.0,17.0,-4.25,0.0,0.09749922901391983,-0.0724962055683136,1.0,1.0,19.0,20.0,0.0,1.0,17.0,3.0
8.399999618530273,-0.10000000149011612,0.0,1.0,3.0,2.0,-0.25,-0.25,0.04127189889550209,-0.0004913321463391185,1.0,3.0,20.0,19.0,8.0,6.0,16.0,3.0
82.5999984741211,-17.100000381469727,0.0,4.0,4.0,0.0,0.0,0.0,1.3282577991485596,-0.27497830986976624,1.0,0.0,0.0,0.0,7.0,6.0,0.0,0.0
82.5999984741211,17.5,0.0,4.0,5.0,3.5,0.0,0.0,-0.9279992580413818,-0.19661001861095428,1.0,0.0,0.0,0.0,7.0,6.0,0.0,0.0
