x,y,z,dyn_prop,id,rcs,vx,vy,vx_comp,vy_comp,is_quality_valid,ambig_state,x_rms,y_rms,invalid_state,pdh0,vx_rms,vy_rms
8.0,3.700000047683716,0.0,0.0,0.0,-1.5,2.5,0.0,0.13720448315143585,0.06345707178115845,1.0,3.0,19.0,20.0,0.0,1.0,16.0,3.0
10.0,-10.5,0.0,6.0,1.0,5.0,-6.5,-0.25,-0.07493578642606735,0.07868257910013199,1.0,3.0,19.0,19.0,0.0,1.0,18.0,3.0
8.399999618530273,15.100000381469727,0.0,4.0,2.0,-5.0,0.0,0.0,-2.3065807819366455,-4.1463541984558105,1.0,0.0,0.0,0.0,7.0,6.0,0.0,0.0
84.4000015258789,0.699999988079071,0.0,3.0,3.0,1.0,0.0,-1.75,0.178582563996315,0.0014811349101364613,1.0,3.0,20.0,22.0,0.0,1.0,16.0,3.0
8.399999618530273,1.2999999523162842,0.0,1.0,4.0,-3.0,-0.5,-0.25,-1.1331799030303955,-0.17537307739257812,1.0,3.0,20.0,19.0,0.0,3.0,16.0,3.0
82.5999984741211,-17.700000762939453,0.0,4.0,5.0,5.5,0.0,0.0,1.3683902025222778,-0.2932264804840088,1.0,0.0,0.0,0.0,7.0,6.0,0.0,0.0
83.0,16.5,0.0,4.0,6.0,-4.0,0.0,0.0,-0.8336244225502014,-0.16572052240371704,1.0,0.0,0.0,0.0,7.0,6.0,0.0,0.0
