x,y,z,dyn_prop,id,rcs,vx,vy,vx_comp,vy_comp,is_quality_valid,ambig_state,x_rms,y_rms,invalid_state,pdh0,vx_rms,vy_rms
6.0,4.5,0.0,6.0,0.0,-4.5,4.0,-0.25,-0.044164519757032394,-0.03312338888645172,1.0,3.0,19.0,19.0,0.0,1.0,17.0,3.0
8.399999618530273,4.099999904632568,0.0,0.0,1.0,1.0,2.5,0.0,0.05054834112524986,0.024672405794262886,1.0,3.0,19.0,20.0,0.0,1.0,16.0,3.0
61.400001525878906,10.899999618530273,0.0,1.0,2.0,7.0,1.0,0.0,0.26662227511405945,0.04733196273446083,1.0,2.0,19.0,20.0,0.0,1.0,16.0,3.0
57.79999923706055,-47.900001525878906,0.0,2.0,3.0,7.5,-4.75,0.0,0.04344525933265686,-0.03600394353270531,1.0,1.0,21.0,21.0,0.0,1.0,17.0,3.0
84.5999984741211,-0.8999999761581421,0.0,1.0,4.0,0.0,0.0,-2.25,0.33641982078552246,-0.00357893412001431,1.0,3.0,20.0,22.0,0.0,1.0,16.0,3.0
77.19999694824219,-57.099998474121094,0.0,2.0,5.0,8.0,-4.25,0.0,0.053066421300172806,-0.039249904453754425,1.0,1.0,22.0,22.0,0.0,1.0,17.0,3.0
82.80000305175781,-15.5,0.0,4.0,6.0,-2.0,0.0,0.0,1.2425007820129395,-0.23259371519088745,1.0,0.0,0.0,0.0,7.0,6.0,0.0,0.0
