x,y,z,dyn_prop,id,rcs,vx,vy,vx_comp,vy_comp,is_quality_valid,ambig_state,x_rms,y_rms,invalid_state,pdh0,vx_rms,vy_rms
8.399999618530273,-0.10000000149011612,0.0,1.0,0.0,4.5,-0.25,-0.25,0.08464426547288895,-0.001007669954560697,1.0,3.0,19.0,19.0,0.0,1.0,16.0,3.0
8.399999618530273,4.5,0.0,0.0,1.0,-2.5,2.75,0.0,0.07519347965717316,0.0402822270989418,1.0,3.0,19.0,20.0,0.0,1.0,16.0,3.0
10.0,-9.699999809265137,0.0,6.0,2.0,5.5,-6.0,-0.5,0.020077571272850037,-0.019475243985652924,1.0,3.0,19.0,19.0,0.0,1.0,17.0,3.0
61.599998474121094,10.899999618530273,0.0,0.0,3.0,2.0,1.25,-2.0,0.19238059222698212,0.03404137119650841,1.0,3.0,20.0,21.0,0.0,1.0,16.0,3.0
76.19999694824219,-57.70000076293945,0.0,2.0,4.0,8.0,-4.25,0.0,0.09162284433841705,-0.06937845796346664,1.0,2.0,21.0,21.0,0.0,1.0,17.0,3.0
