x,y,z,dyn_prop,id,rcs,vx,vy,vx_comp,vy_comp,is_quality_valid,ambig_state,x_rms,y_rms,invalid_state,pdh0,vx_rms,vy_rms
7.800000190734863,5.5,0.0,0.0,0.0,-2.5,3.25,0.0,-0.18404853343963623,-0.12977780401706696,1.0,1.0,19.0,19.0,16.0,1.0,17.0,3.0
10.0,-9.300000190734863,0.0,6.0,1.0,8.0,-6.0,-0.5,-0.13206037878990173,0.12281614542007446,1.0,3.0,19.0,19.0,0.0,1.0,17.0,3.0
61.400001525878906,12.100000381469727,0.0,0.0,2.0,1.5,1.5,-2.5,0.21226093173027039,0.041829925030469894,1.0,3.0,20.0,21.0,0.0,1.0,16.0,3.0
61.20000076293945,-49.29999923706055,0.0,2.0,3.0,5.5,-4.5,0.0,0.07149756699800491,-0.05759526044130325,1.0,1.0,21.0,21.0,0.0,1.0,17.0,3.0
84.4000015258789,-0.699999988079071,0.0,1.0,4.0,-2.5,-0.25,-3.5,0.09921715408563614,-0.0008228910155594349,1.0,3.0,20.0,22.0,4.0,3.0,16.0,3.0
76.0,-57.70000076293945,0.0,6.0,5.0,7.0,-4.25,0.0,0.07489664852619171,-0.056862324476242065,1.0,3.0,22.0,23.0,0.0,1.0,17.0,3.0
8.199999809265137,-0.10000000149011612,0.0,1.0,6.0,-4.5,-0.25,-0.5,0.09730877727270126,-0.001186692388728261,1.0,3.0,20.0,19.0,0.0,1.0,16.0,3.0
82.4000015258789,17.700000762939453,0.0,4.0,7.0,-2.0,0.0,0.0,-0.8435184359550476,-0.18119266629219055,1.0,0.0,0.0,0.0,7.0,6.0,0.0,0.0
82.4000015258789,-18.100000381469727,0.0,4.0,8.0,-0.5,0.0,0.0,1.392397403717041,-0.30585429072380066,1.0,0.0,0.0,0.0,7.0,6.0,0.0,0.0
