x,y,z,dyn_prop,id,rcs,vx,vy,vx_comp,vy_comp,is_quality_valid,ambig_state,x_rms,y_rms,invalid_state,pdh0,vx_rms,vy_rms
2.0,6.099999904632568,0.0,4.0,0.0,-4.5,0.0,0.0,-1.5306178331375122,-4.668384075164795,1.0,0.0,0.0,0.0,7.0,6.0,0.0,0.0
3.4000000953674316,5.699999809265137,0.0,6.0,1.0,-1.5,9.25,-0.25,0.07975323498249054,0.13370394706726074,1.0,3.0,19.0,19.0,0.0,1.0,19.0,3.0
8.0,5.900000095367432,0.0,0.0,2.0,1.0,3.5,0.0,-0.0492694154381752,-0.03633619472384453,1.0,1.0,19.0,19.0,16.0,1.0,17.0,3.0
9.800000190734863,-8.699999809265137,0.0,6.0,3.0,1.0,-5.75,-0.75,-0.050761476159095764,0.04506375640630722,1.0,3.0,19.0,19.0,0.0,1.0,17.0,3.0
61.0,-48.70000076293945,0.0,6.0,4.0,3.5,-4.5,0.0,0.013477012515068054,-0.010759515687823296,1.0,3.0,22.0,22.0,0.0,1.0,17.0,3.0
84.4000015258789,1.2999999523162842,0.0,3.0,5.0,-2.5,0.0,-4.5,0.16198404133319855,0.002495014574378729,1.0,3.0,21.0,22.0,4.0,3.0,16.0,3.0
77.80000305175781,-59.5,0.0,2.0,6.0,8.0,-4.25,0.0,0.05994970351457596,-0.04584842175245285,1.0,1.0,22.0,23.0,0.0,1.0,17.0,3.0
82.5999984741211,-17.899999618530273,0.0,4.0,7.0,9.0,0.0,0.0,1.3899084329605103,-0.3012029230594635,1.0,0.0,0.0,0.0,7.0,6.0,0.0,0.0
83.4000015258789,-14.899999618530273,0.0,4.0,8.0,-2.0,0.0,0.0,1.2157504558563232,-0.21720239520072937,1.0,0.0,0.0,0.0,7.0,6.0,0.0,0.0
