x,y,z,dyn_prop,id,rcs,vx,vy,vx_comp,vy_comp,is_quality_valid,ambig_state,x_rms,y_rms,invalid_state,pdh0,vx_rms,vy_rms
5.800000190734863,6.699999809265137,0.0,6.0,0.0,-2.5,6.5,-0.5,0.1533609926700592,0.177158385515213,1.0,3.0,20.0,20.0,0.0,1.0,18.0,3.0
6.599999904632568,6.5,0.0,0.0,1.0,-0.5,5.25,0.0,0.28490421175956726,0.28058749437332153,1.0,2.0,19.0,19.0,0.0,1.0,17.0,3.0
8.800000190734863,5.900000095367432,0.0,0.0,2.0,-2.5,3.25,0.0,0.12249570339918137,0.08212780207395554,1.0,3.0,20.0,21.0,0.0,1.0,17.0,3.0
8.600000381469727,6.300000190734863,0.0,0.0,3.0,1.0,3.75,0.0,0.2331579327583313,0.17080172896385193,1.0,3.0,20.0,21.0,0.0,1.0,17.0,3.0
9.600000381469727,-8.100000381469727,0.0,6.0,4.0,-2.0,-5.25,-0.75,0.05548582971096039,-0.04681617021560669,1.0,3.0,19.0,19.0,0.0,1.0,17.0,3.0
15.600000381469727,14.699999809265137,0.0,0.0,5.0,-4.0,4.75,0.0,0.14828036725521088,0.1397257298231125,1.0,2.0,19.0,19.0,4.0,3.0,17.0,3.0
84.4000015258789,0.30000001192092896,0.0,1.0,6.0,-1.5,-0.25,-5.5,0.0865805447101593,0.00030775077175348997,1.0,3.0,20.0,22.0,4.0,3.0,16.0,3.0
76.0,-56.70000076293945,0.0,2.0,7.0,6.0,-7.75,-5.0,0.12217020243406296,-0.09114539623260498,1.0,3.0,22.0,22.0,0.0,1.0,17.0,3.0
83.19999694824219,-15.100000381469727,0.0,4.0,8.0,-4.0,0.0,0.0,1.2657655477523804,-0.22972427308559418,1.0,0.0,0.0,0.0,7.0,6.0,0.0,0.0
