x,y,z,dyn_prop,id,rcs,vx,vy,vx_comp,vy_comp,is_quality_valid,ambig_state,x_rms,y_rms,invalid_state,pdh0,vx_rms,vy_rms
7.0,7.099999904632568,0.0,0.0,0.0,-4.0,5.25,0.0,0.24036696553230286,0.24380077421665192,1.0,3.0,20.0,21.0,0.0,1.0,17.0,3.0
8.600000381469727,6.699999809265137,0.0,0.0,1.0,-4.5,4.0,0.0,0.26857417821884155,0.20923800766468048,1.0,3.0,20.0,21.0,16.0,1.0,17.0,3.0
9.600000381469727,-7.699999809265137,0.0,6.0,2.0,-3.0,-5.25,-1.0,0.005753467790782452,-0.004614760633558035,1.0,3.0,19.0,19.0,0.0,1.0,17.0,3.0
5.800000190734863,-17.100000381469727,0.0,4.0,3.0,4.0,0.0,0.0,1.5838552713394165,-4.669641494750977,1.0,0.0,0.0,0.0,7.0,6.0,0.0,0.0
56.400001525878906,-46.70000076293945,0.0,2.0,4.0,5.5,-4.5,0.0,0.05279679223895073,-0.043716493993997574,1.0,1.0,21.0,22.0,0.0,1.0,17.0,3.0
74.0,-58.29999923706055,0.0,2.0,5.0,5.0,-8.75,-5.75,0.10188903659582138,-0.08027203381061554,1.0,3.0,22.0,22.0,0.0,1.0,17.0,3.0
