x,y,z,dyn_prop,id,rcs,vx,vy,vx_comp,vy_comp,is_quality_valid,ambig_state,x_rms,y_rms,invalid_state,pdh0,vx_rms,vy_rms
5.800000190734863,7.699999809265137,0.0,6.0,0.0,3.5,7.5,-1.0,-0.03412380814552307,-0.04530229791998863,1.0,3.0,19.0,19.0,0.0,1.0,18.0,3.0
8.0,7.699999809265137,0.0,0.0,1.0,-1.0,4.25,0.0,-0.0950518399477005,-0.09148739278316498,1.0,3.0,19.0,21.0,16.0,1.0,17.0,3.0
76.0,-57.29999923706055,0.0,0.0,2.0,5.5,-4.0,0.0,0.11948230117559433,-0.09008337557315826,1.0,1.0,22.0,22.0,0.0,1.0,17.0,3.0
82.5999984741211,17.5,0.0,4.0,3.0,2.5,0.0,0.0,-0.6347038149833679,-0.13447114825248718,1.0,0.0,0.0,0.0,7.0,6.0,0.0,0.0
82.4000015258789,18.700000762939453,0.0,4.0,4.0,-2.5,0.0,0.0,-0.7027242183685303,-0.15947747230529785,1.0,0.0,0.0,0.0,7.0,6.0,0.0,0.0
