x,y,z,dyn_prop,id,rcs,vx,vy,vx_comp,vy_comp,is_quality_valid,ambig_state,x_rms,y_rms,invalid_state,pdh0,vx_rms,vy_rms
6.599999904632568,9.5,0.0,0.0,0.0,9.0,9.0,-1.5,0.29966384172439575,0.43133431673049927,1.0,3.0,19.0,19.0,0.0,1.0,19.0,3.0
9.199999809265137,8.5,0.0,0.0,1.0,6.5,5.75,-2.0,0.16710031032562256,0.15438616275787354,1.0,3.0,19.0,19.0,0.0,1.0,17.0,3.0
32.400001525878906,-9.5,0.0,1.0,2.0,-4.5,-1.75,0.0,0.14197950065135956,-0.04162978380918503,1.0,1.0,19.0,19.0,4.0,3.0,16.0,3.0
54.0,-48.099998474121094,0.0,6.0,3.0,5.0,-4.5,0.0,0.057254236191511154,-0.05099867656826973,1.0,3.0,21.0,22.0,0.0,1.0,17.0,3.0
56.79999923706055,-48.29999923706055,0.0,6.0,4.0,2.0,-4.25,0.0,0.09882353991270065,-0.08403480052947998,1.0,3.0,22.0,22.0,0.0,1.0,17.0,3.0
