x,y,z,dyn_prop,id,rcs,vx,vy,vx_comp,vy_comp,is_quality_valid,ambig_state,x_rms,y_rms,invalid_state,pdh0,vx_rms,vy_rms
5.400000095367432,9.5,0.0,4.0,0.0,1.0,0.0,0.0,-1.7594797611236572,-3.095381259918213,1.0,0.0,0.0,0.0,7.0,6.0,0.0,0.0
6.599999904632568,9.899999618530273,0.0,0.0,1.0,3.0,6.75,0.0,0.2140110284090042,0.3210165798664093,1.0,3.0,19.0,19.0,0.0,1.0,19.0,3.0
9.199999809265137,8.5,0.0,0.0,2.0,6.5,3.75,0.0,0.13606448471546173,0.12571175396442413,1.0,1.0,19.0,19.0,0.0,1.0,17.0,3.0
9.0,9.100000381469727,0.0,0.0,3.0,7.0,4.25,0.0,0.1805953085422516,0.1826019287109375,1.0,1.0,19.0,19.0,0.0,1.0,17.0,3.0
16.600000381469727,17.100000381469727,0.0,0.0,4.0,-4.0,4.25,0.0,0.13626518845558167,0.14036956429481506,1.0,2.0,19.0,19.0,4.0,3.0,17.0,3.0
13.600000381469727,22.899999618530273,0.0,2.0,5.0,3.5,-5.75,0.0,-3.2905900478363037,-5.540773391723633,1.0,1.0,20.0,20.0,0.0,1.0,19.0,3.0
32.400001525878906,-8.5,0.0,1.0,6.0,-5.0,-1.5,0.0,0.24964915215969086,-0.06549437344074249,1.0,2.0,19.0,19.0,4.0,3.0,16.0,3.0
53.20000076293945,-48.29999923706055,0.0,6.0,7.0,4.5,-4.5,0.0,0.07223687320947647,-0.0655834749341011,1.0,3.0,21.0,21.0,0.0,1.0,17.0,3.0
