x,y,z,dyn_prop,id,rcs,vx,vy,vx_comp,vy_comp,is_quality_valid,ambig_state,x_rms,y_rms,invalid_state,pdh0,vx_rms,vy_rms
7.599999904632568,-1.100000023841858,0.0,2.0,0.0,-4.0,-1.25,-2.0,0.2909430265426636,-0.042110174894332886,1.0,3.0,19.0,19.0,0.0,1.0,16.0,3.0
4.800000190734863,10.300000190734863,0.0,4.0,1.0,1.0,0.0,0.0,-1.5650333166122437,-3.3583004474639893,1.0,0.0,0.0,0.0,7.0,6.0,0.0,0.0
6.400000095367432,9.899999618530273,0.0,0.0,2.0,8.5,6.5,0.0,0.10347481817007065,0.16006259620189667,1.0,1.0,19.0,19.0,0.0,1.0,19.0,3.0
7.800000190734863,9.5,0.0,0.0,3.0,0.0,5.25,0.0,0.21793949604034424,0.26543909311294556,1.0,3.0,20.0,20.0,0.0,1.0,18.0,3.0
9.399999618530273,8.699999809265137,0.0,0.0,4.0,6.5,3.75,0.0,0.17318546772003174,0.16028867661952972,1.0,2.0,19.0,19.0,0.0,1.0,17.0,3.0
32.0,-8.5,0.0,1.0,5.0,-3.5,-1.5,0.0,0.26795104146003723,-0.0711745023727417,1.0,1.0,19.0,19.0,4.0,3.0,16.0,3.0
52.0,-48.5,0.0,6.0,6.0,4.5,-4.5,0.0,0.11097849160432816,-0.10350877791643143,1.0,3.0,22.0,22.0,0.0,1.0,17.0,3.0
55.599998474121094,-49.099998474121094,0.0,6.0,7.0,8.0,-4.25,0.0,0.13504421710968018,-0.11925667524337769,1.0,3.0,20.0,21.0,0.0,1.0,17.0,3.0
59.0,-50.5,0.0,0.0,8.0,2.5,-4.25,0.0,0.07008855789899826,-0.05999105051159859,1.0,1.0,21.0,22.0,9.0,3.0,17.0,3.0
