x,y,z,dyn_prop,id,rcs,vx,vy,vx_comp,vy_comp,is_quality_valid,ambig_state,x_rms,y_rms,invalid_state,pdh0,vx_rms,vy_rms
7.199999809265137,-1.5,0.0,2.0,0.0,5.5,-1.5,0.0,0.08477329462766647,-0.01766110397875309,1.0,3.0,19.0,19.0,0.0,1.0,16.0,3.0
7.800000190734863,10.699999809265137,0.0,0.0,1.0,0.0,5.25,0.0,0.09926315397024155,0.1361686885356903,1.0,3.0,19.0,21.0,0.0,1.0,18.0,3.0
9.600000381469727,9.5,0.0,0.0,2.0,8.0,3.75,0.0,0.18743912875652313,0.18548662960529327,1.0,3.0,19.0,19.0,0.0,1.0,17.0,3.0
9.600000381469727,10.899999618530273,0.0,0.0,3.0,5.0,4.5,0.0,0.22552244365215302,0.25606194138526917,1.0,2.0,19.0,19.0,10.0,3.0,18.0,3.0
18.0,17.5,0.0,1.0,4.0,-3.0,3.5,0.0,0.09921041131019592,0.09645456075668335,1.0,1.0,19.0,19.0,4.0,3.0,17.0,3.0
31.600000381469727,-10.100000381469727,0.0,1.0,5.0,-3.5,-1.75,0.0,0.2721313536167145,-0.08697868883609772,1.0,1.0,19.0,19.0,4.0,3.0,16.0,3.0
33.79999923706055,-9.5,0.0,1.0,6.0,-3.5,-1.75,0.0,0.12979921698570251,-0.036482032388448715,1.0,1.0,19.0,19.0,4.0,3.0,16.0,3.0
7.400000095367432,-1.5,0.0,4.0,7.0,-1.5,0.0,0.0,1.5033342838287354,-0.3047299087047577,1.0,0.0,0.0,0.0,7.0,6.0,0.0,0.0
