x,y,z,dyn_prop,id,rcs,vx,vy,vx_comp,vy_comp,is_quality_valid,ambig_state,x_rms,y_rms,invalid_state,pdh0,vx_rms,vy_rms
13.0,-3.0999999046325684,0.0,5.0,0.0,2.5,-1.5,0.0,0.2653980553150177,-0.06328722834587097,1.0,3.0,19.0,19.0,0.0,1.0,16.0,3.0
10.199999809265137,9.899999618530273,0.0,5.0,1.0,-3.5,3.25,0.0,0.13663192093372345,0.13261333107948303,1.0,3.0,19.0,19.0,0.0,1.0,17.0,3.0
10.399999618530273,11.5,0.0,5.0,2.0,0.0,3.75,0.0,0.1046307310461998,0.1156974509358406,1.0,3.0,19.0,19.0,0.0,1.0,18.0,3.0
20.200000762939453,-23.100000381469727,0.0,0.0,3.0,-0.5,-5.25,0.0,0.04233981668949127,-0.048418302088975906,1.0,2.0,19.0,19.0,0.0,1.0,18.0,3.0
34.20000076293945,-9.300000190734863,0.0,0.0,4.0,-1.0,-1.75,0.0,0.15121418237686157,-0.04111964628100395,1.0,2.0,19.0,19.0,4.0,3.0,16.0,3.0
48.0,-53.900001525878906,0.0,0.0,5.0,9.5,-5.0,0.0,0.11779680103063583,-0.1322759985923767,1.0,1.0,22.0,22.0,0.0,1.0,18.0,3.0
80.19999694824219,-22.899999618530273,0.0,0.0,6.0,-1.0,-1.75,0.0,0.19973701238632202,-0.05703214183449745,1.0,1.0,20.0,21.0,4.0,3.0,16.0,3.0
13.0,-2.5,0.0,4.0,7.0,-2.5,0.0,0.0,1.5415757894515991,-0.29645687341690063,1.0,0.0,0.0,0.0,7.0,6.0,0.0,0.0
