x,y,z,dyn_prop,id,rcs,vx,vy,vx_comp,vy_comp,is_quality_valid,ambig_state,x_rms,y_rms,invalid_state,pdh0,vx_rms,vy_rms
9.399999618530273,6.099999904632568,0.0,1.0,0.0,-4.5,2.0,0.0,0.24049276113510132,0.1560644507408142,1.0,1.0,19.0,19.0,0.0,1.0,17.0,3.0
12.800000190734863,-2.9000000953674316,0.0,5.0,1.0,-1.0,-1.5,0.0,0.22551868855953217,-0.05109407752752304,1.0,3.0,19.0,19.0,0.0,1.0,16.0,3.0
13.800000190734863,-3.700000047683716,0.0,5.0,2.0,-5.0,-1.75,0.0,0.1383037120103836,-0.03708142787218094,1.0,3.0,19.0,19.0,0.0,1.0,16.0,3.0
10.800000190734863,11.5,0.0,5.0,3.0,11.5,3.5,0.0,0.10728294402360916,0.11423647403717041,1.0,3.0,19.0,19.0,0.0,1.0,17.0,3.0
9.600000381469727,23.100000381469727,0.0,4.0,4.0,9.5,0.0,0.0,-1.2479133605957031,-3.002791166305542,1.0,0.0,0.0,0.0,7.0,6.0,0.0,0.0
18.799999237060547,-24.299999237060547,0.0,0.0,5.0,-2.5,-5.75,0.0,0.04537387937307358,-0.058648157864809036,1.0,1.0,21.0,21.0,4.0,3.0,18.0,3.0
22.200000762939453,22.299999237060547,0.0,2.0,6.0,1.0,3.25,0.0,0.10593035072088242,0.10640750825405121,1.0,2.0,19.0,19.0,0.0,1.0,17.0,3.0
29.799999237060547,-11.100000381469727,0.0,0.0,7.0,-1.0,-2.25,0.0,0.04654184728860855,-0.017336059361696243,1.0,3.0,20.0,21.0,0.0,1.0,16.0,3.0
79.0,-23.5,0.0,0.0,8.0,12.0,-1.75,0.0,0.2407737523317337,-0.0716225728392601,1.0,3.0,20.0,21.0,0.0,1.0,16.0,3.0
80.0,-23.299999237060547,0.0,0.0,9.0,-3.0,-1.75,0.0,0.21935606002807617,-0.06388744711875916,1.0,3.0,21.0,22.0,11.0,3.0,16.0,3.0
12.800000190734863,-2.299999952316284,0.0,4.0,10.0,1.0,0.0,0.0,1.5066595077514648,-0.27072787284851074,1.0,0.0,0.0,0.0,7.0,6.0,0.0,0.0
