x,y,z,dyn_prop,id,rcs,vx,vy,vx_comp,vy_comp,is_quality_valid,ambig_state,x_rms,y_rms,invalid_state,pdh0,vx_rms,vy_rms
3.799999952316284,2.5,0.0,6.0,0.0,-2.5,2.75,0.0,-0.173644557595253,-0.11423984169960022,1.0,3.0,19.0,19.0,0.0,1.0,17.0,3.0
7.800000190734863,2.9000000953674316,0.0,1.0,1.0,-3.0,1.5,0.0,0.2867721617221832,0.1066204234957695,1.0,3.0,19.0,19.0,0.0,1.0,16.0,3.0
8.0,2.5,0.0,1.0,2.0,-2.5,1.0,0.0,0.18648213148117065,0.05827566981315613,1.0,3.0,20.0,19.0,0.0,1.0,16.0,3.0
7.599999904632568,3.5,0.0,5.0,3.0,-4.5,2.0,0.0,0.2147853672504425,0.09891431778669357,1.0,3.0,19.0,19.0,0.0,1.0,16.0,3.0
7.199999809265137,4.900000095367432,0.0,6.0,4.0,-4.0,3.0,0.0,-0.0979871079325676,-0.06668567657470703,1.0,3.0,20.0,19.0,0.0,1.0,17.0,3.0
7.0,5.300000190734863,0.0,6.0,5.0,-4.5,3.5,0.0,-0.08388297259807587,-0.06351139396429062,1.0,3.0,20.0,20.0,16.0,1.0,17.0,3.0
8.800000190734863,0.5,0.0,5.0,6.0,-3.5,0.0,-5.75,0.5075094103813171,0.028835762292146683,1.0,3.0,19.0,19.0,0.0,1.0,16.0,3.0
5.0,-12.899999618530273,0.0,4.0,7.0,6.0,0.0,0.0,2.306281805038452,-5.950206279754639,1.0,0.0,0.0,0.0,7.0,6.0,0.0,0.0
