x,y,z,dyn_prop,id,rcs,vx,vy,vx_comp,vy_comp,is_quality_valid,ambig_state,x_rms,y_rms,invalid_state,pdh0,vx_rms,vy_rms
6.0,13.300000190734863,0.0,4.0,0.0,-3.5,0.0,0.0,-4.543354511260986,-10.071104049682617,1.0,0.0,0.0,0.0,7.0,6.0,0.0,0.0
7.0,-14.699999809265137,0.0,4.0,1.0,-4.5,0.0,0.0,4.8307695388793945,-10.14461612701416,1.0,0.0,0.0,0.0,7.0,6.0,0.0,0.0
10.399999618530273,-22.899999618530273,0.0,4.0,2.0,6.5,0.0,0.0,4.682582855224609,-10.310687065124512,1.0,0.0,0.0,0.0,7.0,6.0,0.0,0.0
