x,y,z,dyn_prop,id,rcs,vx,vy,vx_comp,vy_comp,is_quality_valid,ambig_state,x_rms,y_rms,invalid_state,pdh0,vx_rms,vy_rms
3.799999952316284,-8.5,0.0,4.0,0.0,-2.0,0.0,0.0,4.638346195220947,-10.375247955322266,1.0,0.0,0.0,0.0,7.0,6.0,0.0,0.0
5.199999809265137,12.899999618530273,0.0,4.0,1.0,-4.5,0.0,0.0,-4.2122368812561035,-10.449585914611816,1.0,0.0,0.0,0.0,7.0,6.0,0.0,0.0
22.600000381469727,-4.699999809265137,0.0,4.0,2.0,-3.5,0.0,0.0,2.7897439002990723,-0.5801679491996765,1.0,0.0,0.0,0.0,7.0,6.0,0.0,0.0
29.0,-6.099999904632568,0.0,4.0,3.0,4.5,0.0,0.0,2.815098524093628,-0.5921413898468018,1.0,0.0,0.0,0.0,7.0,6.0,0.0,0.0
