x,y,z,dyn_prop,id,rcs,vx,vy,vx_comp,vy_comp,is_quality_valid,ambig_state,x_rms,y_rms,invalid_state,pdh0,vx_rms,vy_rms
10.600000381469727,-6.699999809265137,0.0,2.0,0.0,-4.0,-8.0,0.0,0.10166259109973907,-0.06425842642784119,1.0,1.0,19.0,19.0,0.0,1.0,17.0,3.0
22.200000762939453,1.100000023841858,0.0,1.0,1.0,0.5,0.5,0.0,0.2511526644229889,0.012444501742720604,1.0,1.0,19.0,19.0,0.0,1.0,16.0,3.0
22.600000381469727,0.30000001192092896,0.0,3.0,2.0,-1.5,0.0,0.0,0.19826658070087433,0.002631857292726636,1.0,3.0,19.0,19.0,0.0,1.0,16.0,3.0
25.200000762939453,1.2999999523162842,0.0,0.0,3.0,0.5,0.5,0.0,0.22608382999897003,0.011663053184747696,1.0,1.0,19.0,19.0,0.0,1.0,16.0,3.0
22.200000762939453,-3.9000000953674316,0.0,4.0,4.0,-3.5,0.0,0.0,2.448625326156616,-0.4301638901233673,1.0,0.0,0.0,0.0,7.0,6.0,0.0,0.0
22.799999237060547,-5.099999904632568,0.0,4.0,5.0,-1.0,0.0,0.0,2.9667201042175293,-0.6636084318161011,1.0,0.0,0.0,0.0,7.0,6.0,0.0,0.0
23.200000762939453,4.699999809265137,0.0,4.0,6.0,-5.0,0.0,0.0,-2.0479936599731445,-0.4148952066898346,1.0,0.0,0.0,0.0,7.0,6.0,0.0,0.0
