x,y,z,dyn_prop,id,rcs,vx,vy,vx_comp,vy_comp,is_quality_valid,ambig_state,x_rms,y_rms,invalid_state,pdh0,vx_rms,vy_rms
8.0,2.9000000953674316,0.0,5.0,0.0,0.5,1.5,0.0,0.24862532317638397,0.09012668579816818,1.0,3.0,19.0,19.0,0.0,1.0,16.0,3.0
6.800000190734863,-8.100000381469727,0.0,0.0,1.0,-4.5,-2.0,0.0,2.824366331100464,-3.364319086074829,1.0,1.0,20.0,20.0,10.0,3.0,18.0,3.0
5.0,-12.899999618530273,0.0,4.0,2.0,4.5,0.0,0.0,2.326944351196289,-6.003515720367432,1.0,0.0,0.0,0.0,7.0,6.0,0.0,0.0
8.600000381469727,0.8999999761581421,0.0,7.0,3.0,-4.5,0.25,-5.5,0.12237150222063065,0.012806318700313568,1.0,3.0,21.0,19.0,0.0,1.0,16.0,3.0
