x,y,z,dyn_prop,id,rcs,vx,vy,vx_comp,vy_comp,is_quality_valid,ambig_state,x_rms,y_rms,invalid_state,pdh0,vx_rms,vy_rms
9.199999809265137,-15.5,0.0,2.0,0.0,9.5,-19.75,0.0,0.4096142053604126,-0.6901109218597412,1.0,2.0,19.0,19.0,0.0,1.0,19.0,3.0
8.199999809265137,-18.299999237060547,0.0,4.0,1.0,4.0,0.0,0.0,4.7029266357421875,-10.49555492401123,1.0,0.0,0.0,0.0,7.0,6.0,0.0,0.0
23.600000381469727,3.0999999046325684,0.0,0.0,2.0,-1.0,1.75,0.0,0.4717632830142975,0.06196890398859978,1.0,1.0,19.0,19.0,0.0,1.0,16.0,3.0
23.399999618530273,6.099999904632568,0.0,0.0,3.0,-4.5,3.25,0.0,0.34747764468193054,0.09058178216218948,1.0,2.0,19.0,19.0,4.0,3.0,16.0,3.0
23.799999237060547,5.5,0.0,0.0,4.0,2.5,2.75,0.0,0.22707460820674896,0.0524752251803875,1.0,3.0,20.0,20.0,0.0,1.0,16.0,3.0
20.399999618530273,-21.100000381469727,0.0,2.0,5.0,0.5,-13.0,0.0,0.11141155660152435,-0.11523451656103134,1.0,1.0,19.0,19.0,0.0,1.0,18.0,3.0
