x,y,z,dyn_prop,id,rcs,vx,vy,vx_comp,vy_comp,is_quality_valid,ambig_state,x_rms,y_rms,invalid_state,pdh0,vx_rms,vy_rms
7.400000095367432,5.5,0.0,6.0,0.0,-5.0,3.75,0.0,0.01157851330935955,0.008605651557445526,1.0,3.0,20.0,19.0,0.0,1.0,17.0,3.0
4.800000190734863,-13.300000190734863,0.0,4.0,1.0,11.5,0.0,0.0,2.210463285446167,-6.1248250007629395,1.0,0.0,0.0,0.0,7.0,6.0,0.0,0.0
