x,y,z,dyn_prop,id,rcs,vx,vy,vx_comp,vy_comp,is_quality_valid,ambig_state,x_rms,y_rms,invalid_state,pdh0,vx_rms,vy_rms
3.799999952316284,3.5,0.0,6.0,0.0,-3.5,4.75,0.0,-0.12384943664073944,-0.11407185345888138,1.0,3.0,19.0,19.0,0.0,1.0,17.0,3.0
8.0,3.9000000953674316,0.0,6.0,1.0,-2.5,2.25,0.0,0.10548603534698486,0.05142444372177124,1.0,3.0,19.0,19.0,0.0,1.0,16.0,3.0
8.199999809265137,3.0999999046325684,0.0,5.0,2.0,-4.0,1.75,0.0,0.3083629310131073,0.11657623201608658,1.0,3.0,20.0,19.0,0.0,1.0,16.0,3.0
7.400000095367432,6.099999904632568,0.0,6.0,3.0,-2.5,4.5,0.0,0.09470032155513763,0.07806377857923508,1.0,3.0,20.0,20.0,0.0,1.0,17.0,3.0
6.800000190734863,10.699999809265137,0.0,0.0,4.0,-3.0,9.5,0.0,0.06263305991888046,0.09855496138334274,1.0,1.0,20.0,21.0,16.0,1.0,19.0,3.0
4.800000190734863,-13.300000190734863,0.0,4.0,5.0,1.0,0.0,0.0,2.232286214828491,-6.185293197631836,1.0,0.0,0.0,0.0,7.0,6.0,0.0,0.0
