x,y,z,dyn_prop,id,rcs,vx,vy,vx_comp,vy_comp,is_quality_valid,ambig_state,x_rms,y_rms,invalid_state,pdh0,vx_rms,vy_rms
9.600000381469727,10.100000381469727,0.0,0.0,0.0,1.5,13.5,0.0,0.2074875384569168,0.2182941883802414,1.0,1.0,19.0,19.0,0.0,1.0,18.0,3.0
53.20000076293945,15.100000381469727,0.0,0.0,1.0,-4.0,2.25,0.0,-0.9392962455749512,-0.2666047513484955,1.0,1.0,19.0,20.0,4.0,3.0,16.0,3.0
