x,y,z,dyn_prop,id,rcs,vx,vy,vx_comp,vy_comp,is_quality_valid,ambig_state,x_rms,y_rms,invalid_state,pdh0,vx_rms,vy_rms
2.4000000953674316,2.700000047683716,0.0,0.0,0.0,-3.0,15.0,0.0,0.438336044549942,0.49312806129455566,1.0,1.0,19.0,19.0,10.0,3.0,18.0,3.0
10.600000381469727,10.699999809265137,0.0,0.0,1.0,-3.0,14.0,0.0,0.7276040315628052,0.7344681620597839,1.0,2.0,19.0,19.0,0.0,1.0,18.0,3.0
43.599998474121094,20.899999618530273,0.0,0.0,2.0,-2.5,6.0,0.0,0.19402185082435608,0.09300588816404343,1.0,1.0,20.0,20.0,4.0,3.0,16.0,3.0
