x,y,z,dyn_prop,id,rcs,vx,vy,vx_comp,vy_comp,is_quality_valid,ambig_state,x_rms,y_rms,invalid_state,pdh0,vx_rms,vy_rms
9.600000381469727,12.100000381469727,0.0,0.0,0.0,9.0,16.25,0.0,0.19785045087337494,0.24937397241592407,1.0,1.0,19.0,19.0,0.0,1.0,18.0,3.0
