x,y,z,dyn_prop,id,rcs,vx,vy,vx_comp,vy_comp,is_quality_valid,ambig_state,x_rms,y_rms,invalid_state,pdh0,vx_rms,vy_rms
7.599999904632568,5.099999904632568,0.0,0.0,0.0,-2.0,8.5,0.0,0.19768480956554413,0.13265690207481384,1.0,1.0,19.0,19.0,0.0,1.0,17.0,3.0
9.600000381469727,12.699999809265137,0.0,0.0,1.0,0.5,17.25,0.0,0.25431111454963684,0.33643239736557007,1.0,1.0,19.0,19.0,0.0,1.0,19.0,3.0
