x,y,z,dyn_prop,id,rcs,vx,vy,vx_comp,vy_comp,is_quality_valid,ambig_state,x_rms,y_rms,invalid_state,pdh0,vx_rms,vy_rms
7.599999904632568,6.099999904632568,0.0,0.0,0.0,-2.0,10.25,0.0,0.19306325912475586,0.15495866537094116,1.0,1.0,19.0,19.0,0.0,1.0,17.0,3.0
8.399999618530273,13.5,0.0,0.0,1.0,-1.0,20.5,0.0,0.06839507073163986,0.10992064327001572,1.0,1.0,19.0,20.0,0.0,1.0,20.0,3.0
9.399999618530273,13.899999618530273,0.0,0.0,2.0,10.0,19.0,0.0,0.12325115501880646,0.182254359126091,1.0,1.0,19.0,19.0,0.0,1.0,19.0,3.0
