x,y,z,dyn_prop,id,rcs,vx,vy,vx_comp,vy_comp,is_quality_valid,ambig_state,x_rms,y_rms,invalid_state,pdh0,vx_rms,vy_rms
4.199999809265137,5.5,0.0,0.0,0.0,-0.5,17.25,0.0,0.2749394476413727,0.36003977060317993,1.0,1.0,19.0,19.0,0.0,1.0,19.0,3.0
7.599999904632568,6.900000095367432,0.0,0.0,1.0,7.5,11.75,0.0,0.227731853723526,0.2067565619945526,1.0,1.0,19.0,19.0,0.0,1.0,17.0,3.0
