x,y,z,dyn_prop,id,rcs,vx,vy,vx_comp,vy_comp,is_quality_valid,ambig_state,x_rms,y_rms,invalid_state,pdh0,vx_rms,vy_rms
7.400000095367432,0.10000000149011612,0.0,1.0,0.0,-4.0,0.0,0.0,0.18609975278377533,0.002514861524105072,1.0,3.0,20.0,19.0,0.0,1.0,16.0,3.0
3.799999952316284,8.699999809265137,0.0,2.0,1.0,-1.5,-42.0,0.0,-11.407682418823242,-26.117591857910156,1.0,2.0,19.0,19.0,0.0,1.0,22.0,3.0
7.599999904632568,7.900000095367432,0.0,0.0,2.0,9.5,13.5,0.0,0.21050892770290375,0.21881848573684692,1.0,1.0,19.0,19.0,0.0,1.0,18.0,3.0
