x,y,z,dyn_prop,id,rcs,vx,vy,vx_comp,vy_comp,is_quality_valid,ambig_state,x_rms,y_rms,invalid_state,pdh0,vx_rms,vy_rms
7.599999904632568,9.699999809265137,0.0,0.0,0.0,11.5,16.75,0.0,0.20236626267433167,0.25828325748443604,1.0,1.0,19.0,19.0,0.0,1.0,18.0,3.0
