x,y,z,dyn_prop,id,rcs,vx,vy,vx_comp,vy_comp,is_quality_valid,ambig_state,x_rms,y_rms,invalid_state,pdh0,vx_rms,vy_rms
2.5999999046325684,-7.099999904632568,0.0,4.0,0.0,15.5,0.0,0.0,4.267581462860107,-11.653779983520508,1.0,0.0,0.0,0.0,7.0,6.0,0.0,0.0
4.0,10.300000190734863,0.0,4.0,1.0,-2.0,0.0,0.0,-4.365839004516602,-11.242035865783691,1.0,0.0,0.0,0.0,7.0,6.0,0.0,0.0
7.599999904632568,11.699999809265137,0.0,0.0,2.0,0.5,20.5,0.0,0.2171446830034256,0.3342885375022888,1.0,1.0,19.0,19.0,0.0,1.0,20.0,3.0
