x,y,z,dyn_prop,id,rcs,vx,vy,vx_comp,vy_comp,is_quality_valid,ambig_state,x_rms,y_rms,invalid_state,pdh0,vx_rms,vy_rms
3.799999952316284,12.100000381469727,0.0,4.0,0.0,0.5,0.0,0.0,-3.7322146892547607,-11.884157180786133,1.0,0.0,0.0,0.0,7.0,6.0,0.0,0.0
7.800000190734863,13.5,0.0,0.0,1.0,-1.0,23.0,0.0,0.14407846331596375,0.24936653673648834,1.0,1.0,19.0,19.0,0.0,1.0,21.0,3.0
