x,y,z,dyn_prop,id,rcs,vx,vy,vx_comp,vy_comp,is_quality_valid,ambig_state,x_rms,y_rms,invalid_state,pdh0,vx_rms,vy_rms
7.400000095367432,-12.5,0.0,2.0,0.0,-5.0,-23.25,0.0,-0.0924726203083992,0.1562037318944931,1.0,1.0,19.0,20.0,0.0,1.0,21.0,3.0
8.0,16.299999237060547,0.0,4.0,1.0,-2.0,0.0,0.0,-5.197259426116943,-10.589415550231934,1.0,0.0,0.0,0.0,7.0,6.0,0.0,0.0
