x,y,z,dyn_prop,id,rcs,vx,vy,vx_comp,vy_comp,is_quality_valid,ambig_state,x_rms,y_rms,invalid_state,pdh0,vx_rms,vy_rms
7.599999904632568,6.5,0.0,6.0,0.0,-2.0,4.75,0.0,0.045850880444049835,0.039214570075273514,1.0,3.0,19.0,19.0,0.0,1.0,17.0,3.0
5.800000190734863,10.300000190734863,0.0,4.0,1.0,2.0,0.0,0.0,-2.6170592308044434,-4.647536754608154,1.0,0.0,0.0,0.0,7.0,6.0,0.0,0.0
