x,y,z,dyn_prop,id,rcs,vx,vy,vx_comp,vy_comp,is_quality_valid,ambig_state,x_rms,y_rms,invalid_state,pdh0,vx_rms,vy_rms
4.0,4.699999809265137,0.0,6.0,0.0,-2.5,6.75,0.0,-0.07831495255231857,-0.09202006459236145,1.0,3.0,19.0,19.0,0.0,1.0,18.0,3.0
7.800000190734863,6.5,0.0,6.0,1.0,-3.5,4.75,0.0,0.08741315454244614,0.07284429669380188,1.0,3.0,19.0,19.0,0.0,1.0,17.0,3.0
5.0,8.899999618530273,0.0,6.0,2.0,-2.5,10.5,0.0,-0.1368175894021988,-0.24353528022766113,1.0,3.0,20.0,21.0,16.0,1.0,20.0,3.0
5.400000095367432,9.899999618530273,0.0,4.0,3.0,7.0,0.0,0.0,-2.621976137161255,-4.806956768035889,1.0,0.0,0.0,0.0,7.0,6.0,0.0,0.0
