x,y,z,dyn_prop,id,rcs,vx,vy,vx_comp,vy_comp,is_quality_valid,ambig_state,x_rms,y_rms,invalid_state,pdh0,vx_rms,vy_rms
2.4000000953674316,-0.5,0.0,2.0,0.0,-2.5,-2.5,0.0,0.8329545259475708,-0.17353218793869019,1.0,2.0,20.0,19.0,0.0,1.0,16.0,3.0
3.200000047683716,-5.5,0.0,2.0,1.0,1.5,-12.25,0.0,3.108550548553467,-5.342820644378662,1.0,1.0,19.0,20.0,16.0,1.0,20.0,3.0
