x,y,z,dyn_prop,id,rcs,vx,vy,vx_comp,vy_comp,is_quality_valid,ambig_state,x_rms,y_rms,invalid_state,pdh0,vx_rms,vy_rms
4.199999809265137,4.699999809265137,0.0,6.0,0.0,-3.5,7.25,0.0,0.26776790618896484,0.2996450364589691,1.0,3.0,19.0,19.0,10.0,3.0,18.0,3.0
6.800000190734863,10.100000381469727,0.0,0.0,1.0,-1.0,9.5,0.0,0.10089534521102905,0.1498592495918274,1.0,1.0,19.0,20.0,0.0,1.0,19.0,3.0
