x,y,z,dyn_prop,id,rcs,vx,vy,vx_comp,vy_comp,is_quality_valid,ambig_state,x_rms,y_rms,invalid_state,pdh0,vx_rms,vy_rms
2.4000000953674316,0.30000001192092896,0.0,0.0,0.0,-2.0,1.5,0.0,0.18186511099338531,0.022733138874173164,1.0,1.0,20.0,19.0,0.0,1.0,16.0,3.0
4.199999809265137,-5.5,0.0,2.0,1.0,2.5,-2.0,0.0,6.224086761474609,-8.150590896606445,1.0,1.0,20.0,20.0,0.0,1.0,18.0,3.0
