x,y,z,dyn_prop,id,rcs,vx,vy,vx_comp,vy_comp,is_quality_valid,ambig_state,x_rms,y_rms,invalid_state,pdh0,vx_rms,vy_rms
4.0,12.300000190734863,0.0,4.0,0.0,0.5,0.0,0.0,-4.1498236656188965,-12.760705947875977,1.0,0.0,0.0,0.0,7.0,6.0,0.0,0.0
8.399999618530273,-18.899999618530273,0.0,4.0,1.0,0.5,0.0,0.0,5.371304035186768,-12.08543586730957,1.0,0.0,0.0,0.0,7.0,6.0,0.0,0.0
9.0,-18.899999618530273,0.0,4.0,2.0,0.0,0.0,0.0,5.623664855957031,-11.809696197509766,1.0,0.0,0.0,0.0,7.0,6.0,0.0,0.0
