x,y,z,dyn_prop,id,rcs,vx,vy,vx_comp,vy_comp,is_quality_valid,ambig_state,x_rms,y_rms,invalid_state,pdh0,vx_rms,vy_rms
4.0,5.300000190734863,0.0,6.0,0.0,-2.0,8.0,0.0,-0.0788918286561966,-0.1045316755771637,1.0,3.0,19.0,19.0,0.0,1.0,18.0,3.0
4.800000190734863,-9.5,0.0,4.0,1.0,2.5,0.0,0.0,3.0399487018585205,-6.016563892364502,1.0,0.0,0.0,0.0,7.0,6.0,0.0,0.0
5.800000190734863,9.300000190734863,0.0,6.0,2.0,-2.5,10.0,0.0,-0.04748307541012764,-0.07613665610551834,1.0,3.0,20.0,20.0,0.0,1.0,19.0,3.0
5.400000095367432,9.5,0.0,6.0,3.0,2.0,11.0,0.0,-0.0639650747179985,-0.1125311627984047,1.0,3.0,19.0,19.0,0.0,1.0,19.0,3.0
7.400000095367432,10.5,0.0,0.0,4.0,0.0,9.75,0.0,0.2900942862033844,0.41162025928497314,1.0,2.0,19.0,19.0,0.0,1.0,19.0,3.0
8.800000190734863,20.5,0.0,4.0,5.0,-0.5,0.0,0.0,-2.3744614124298096,-5.531415939331055,1.0,0.0,0.0,0.0,7.0,6.0,0.0,0.0
