x,y,z,dyn_prop,id,rcs,vx,vy,vx_comp,vy_comp,is_quality_valid,ambig_state,x_rms,y_rms,invalid_state,pdh0,vx_rms,vy_rms
8.600000381469727,-18.100000381469727,0.0,4.0,0.0,11.0,0.0,0.0,5.622653007507324,-11.833722114562988,1.0,0.0,0.0,0.0,7.0,6.0,0.0,0.0
9.800000190734863,-20.100000381469727,0.0,4.0,1.0,3.0,0.0,0.0,5.7162089347839355,-11.724061012268066,1.0,0.0,0.0,0.0,7.0,6.0,0.0,0.0
