x,y,z,dyn_prop,id,rcs,vx,vy,vx_comp,vy_comp,is_quality_valid,ambig_state,x_rms,y_rms,invalid_state,pdh0,vx_rms,vy_rms
8.399999618530273,-17.299999237060547,0.0,4.0,0.0,9.5,0.0,0.0,5.712767601013184,-11.765580177307129,1.0,0.0,0.0,0.0,7.0,6.0,0.0,0.0
9.0,-17.899999618530273,0.0,4.0,1.0,-0.5,0.0,0.0,5.8383660316467285,-11.611861228942871,1.0,0.0,0.0,0.0,7.0,6.0,0.0,0.0
10.600000381469727,18.5,0.0,4.0,2.0,-1.0,0.0,0.0,-6.061398506164551,-10.578857421875,1.0,0.0,0.0,0.0,7.0,6.0,0.0,0.0
9.600000381469727,-19.100000381469727,0.0,4.0,3.0,2.0,0.0,0.0,5.837118148803711,-11.613431930541992,1.0,0.0,0.0,0.0,7.0,6.0,0.0,0.0
