x,y,z,dyn_prop,id,rcs,vx,vy,vx_comp,vy_comp,is_quality_valid,ambig_state,x_rms,y_rms,invalid_state,pdh0,vx_rms,vy_rms
7.800000190734863,13.699999809265137,0.0,4.0,0.0,1.5,0.0,0.0,-6.047066688537598,-10.621129035949707,1.0,0.0,0.0,0.0,7.0,6.0,0.0,0.0
6.800000190734863,-15.300000190734863,0.0,4.0,1.0,-4.5,0.0,0.0,5.398491382598877,-12.146607398986816,1.0,0.0,0.0,0.0,7.0,6.0,0.0,0.0
7.800000190734863,-16.299999237060547,0.0,4.0,2.0,9.5,0.0,0.0,5.670016288757324,-11.84887981414795,1.0,0.0,0.0,0.0,7.0,6.0,0.0,0.0
9.800000190734863,-16.5,0.0,2.0,3.0,-4.0,-25.0,0.0,-0.1016327291727066,0.17111629247665405,1.0,1.0,20.0,20.0,4.0,3.0,22.0,3.0
10.0,17.899999618530273,0.0,4.0,4.0,-1.5,0.0,0.0,-5.990253925323486,-10.722553253173828,1.0,0.0,0.0,0.0,7.0,6.0,0.0,0.0
