x,y,z,dyn_prop,id,rcs,vx,vy,vx_comp,vy_comp,is_quality_valid,ambig_state,x_rms,y_rms,invalid_state,pdh0,vx_rms,vy_rms
7.0,12.300000190734863,0.0,4.0,0.0,0.0,0.0,0.0,-6.068014621734619,-10.662367820739746,1.0,0.0,0.0,0.0,7.0,6.0,0.0,0.0
7.199999809265137,12.699999809265137,0.0,4.0,1.0,1.0,0.0,0.0,-6.05656623840332,-10.683111190795898,1.0,0.0,0.0,0.0,7.0,6.0,0.0,0.0
8.0,-12.300000190734863,0.0,2.0,2.0,-3.5,-22.75,0.0,-0.04371294379234314,0.06720864772796631,1.0,1.0,20.0,20.0,0.0,1.0,21.0,3.0
8.0,-13.5,0.0,2.0,3.0,4.5,-22.25,0.0,0.6526798605918884,-1.101397156715393,1.0,2.0,19.0,19.0,0.0,1.0,19.0,3.0
9.800000190734863,-12.899999618530273,0.0,2.0,4.0,2.5,-19.5,0.0,-0.029087867587804794,0.03828912973403931,1.0,1.0,19.0,19.0,0.0,1.0,19.0,3.0
8.199999809265137,-14.300000190734863,0.0,4.0,5.0,1.0,0.0,0.0,6.328042507171631,-11.03548812866211,1.0,0.0,0.0,0.0,7.0,6.0,0.0,0.0
11.0,-14.899999618530273,0.0,2.0,6.0,-4.0,-20.0,0.0,-0.010427270084619522,0.014124209992587566,1.0,1.0,19.0,19.0,0.0,1.0,19.0,3.0
7.400000095367432,-20.5,0.0,4.0,7.0,1.0,0.0,0.0,4.650599956512451,-12.883420944213867,1.0,0.0,0.0,0.0,7.0,6.0,0.0,0.0
