x,y,z,dyn_prop,id,rcs,vx,vy,vx_comp,vy_comp,is_quality_valid,ambig_state,x_rms,y_rms,invalid_state,pdh0,vx_rms,vy_rms
6.400000095367432,-12.100000381469727,0.0,4.0,0.0,0.0,0.0,0.0,6.053154945373535,-11.444246292114258,1.0,0.0,0.0,0.0,7.0,6.0,0.0,0.0
9.0,-12.100000381469727,0.0,6.0,1.0,2.5,-20.75,0.0,-0.3276325762271881,0.44048380851745605,1.0,3.0,20.0,21.0,0.0,1.0,20.0,3.0
8.800000190734863,-12.300000190734863,0.0,6.0,2.0,2.0,-21.75,0.0,-0.3903915584087372,0.5456609129905701,1.0,3.0,20.0,21.0,0.0,1.0,20.0,3.0
10.399999618530273,-11.5,0.0,2.0,3.0,6.5,-16.25,0.0,0.06547034531831741,-0.07239510118961334,1.0,1.0,19.0,19.0,0.0,1.0,18.0,3.0
10.0,-12.5,0.0,2.0,4.0,-0.5,-18.25,0.0,0.08626940846443176,-0.1078367605805397,1.0,1.0,19.0,19.0,0.0,1.0,19.0,3.0
8.600000381469727,-13.300000190734863,0.0,6.0,5.0,-2.0,-20.75,0.0,0.5861349105834961,-0.9064643979072571,1.0,3.0,20.0,20.0,11.0,3.0,20.0,3.0
11.800000190734863,-13.5,0.0,2.0,6.0,-4.5,-16.75,0.0,0.08517253398895264,-0.09744314849376678,1.0,1.0,19.0,19.0,4.0,3.0,18.0,3.0
6.0,-18.5,0.0,4.0,7.0,3.0,0.0,0.0,4.268939971923828,-13.162565231323242,1.0,0.0,0.0,0.0,7.0,6.0,0.0,0.0
6.800000190734863,-19.700000762939453,0.0,4.0,8.0,3.0,0.0,0.0,4.4898505210876465,-13.007363319396973,1.0,0.0,0.0,0.0,7.0,6.0,0.0,0.0
