x,y,z,dyn_prop,id,rcs,vx,vy,vx_comp,vy_comp,is_quality_valid,ambig_state,x_rms,y_rms,invalid_state,pdh0,vx_rms,vy_rms
5.599999904632568,11.5,0.0,4.0,0.0,0.5,0.0,0.0,-5.57076358795166,-11.439962387084961,1.0,0.0,0.0,0.0,7.0,6.0,0.0,0.0
8.0,-9.899999618530273,0.0,6.0,1.0,-2.0,-19.5,-0.25,-0.36043781042099,0.4460417628288269,1.0,3.0,19.0,19.0,0.0,1.0,19.0,3.0
10.199999809265137,-8.699999809265137,0.0,2.0,2.0,5.0,-12.5,0.0,0.14261378347873688,-0.12164115905761719,1.0,1.0,19.0,19.0,0.0,1.0,17.0,3.0
8.0,-11.699999809265137,0.0,6.0,3.0,11.5,-22.5,-0.25,-0.19738107919692993,0.2886698544025421,1.0,3.0,19.0,19.0,0.0,1.0,19.0,3.0
9.0,-11.100000381469727,0.0,6.0,4.0,4.5,-19.5,-0.25,-0.3860971927642822,0.4761865437030792,1.0,3.0,20.0,20.0,0.0,1.0,20.0,3.0
10.399999618530273,-9.899999618530273,0.0,6.0,5.0,1.0,-15.0,-0.5,-0.18562276661396027,0.17669859528541565,1.0,3.0,20.0,19.0,0.0,1.0,18.0,3.0
9.0,-11.100000381469727,0.0,6.0,6.0,5.0,-17.25,-0.25,0.5063663125038147,-0.6245184540748596,1.0,3.0,19.0,19.0,10.0,3.0,18.0,3.0
