x,y,z,dyn_prop,id,rcs,vx,vy,vx_comp,vy_comp,is_quality_valid,ambig_state,x_rms,y_rms,invalid_state,pdh0,vx_rms,vy_rms
8.0,-7.900000095367432,0.0,6.0,0.0,0.5,-15.75,-0.25,-0.4180200695991516,0.4127947986125946,1.0,3.0,20.0,20.0,0.0,1.0,18.0,3.0
10.199999809265137,-6.900000095367432,0.0,2.0,1.0,13.0,-9.75,0.0,0.3103625178337097,-0.20995111763477325,1.0,1.0,19.0,19.0,16.0,1.0,17.0,3.0
8.800000190734863,-8.899999618530273,0.0,6.0,2.0,8.0,-16.0,-0.25,-0.3590664863586426,0.3631467819213867,1.0,3.0,19.0,19.0,0.0,1.0,18.0,3.0
9.600000381469727,-8.699999809265137,0.0,2.0,3.0,6.5,-13.5,0.0,0.004637289792299271,-0.004202543292194605,1.0,1.0,20.0,20.0,0.0,1.0,18.0,3.0
10.399999618530273,-8.300000190734863,0.0,2.0,4.0,11.0,-11.75,0.0,0.12343638390302658,-0.09851174056529999,1.0,1.0,19.0,19.0,0.0,1.0,17.0,3.0
9.0,13.5,0.0,2.0,5.0,-2.0,-25.0,0.0,-14.188497543334961,-21.282747268676758,1.0,1.0,20.0,20.0,16.0,1.0,21.0,3.0
14.800000190734863,-10.100000381469727,0.0,2.0,6.0,-3.0,-10.0,0.0,0.19660508632659912,-0.13416968286037445,1.0,1.0,19.0,19.0,0.0,1.0,17.0,3.0
