x,y,z,dyn_prop,id,rcs,vx,vy,vx_comp,vy_comp,is_quality_valid,ambig_state,x_rms,y_rms,invalid_state,pdh0,vx_rms,vy_rms
5.599999904632568,-7.900000095367432,0.0,1.0,0.0,-3.0,-2.75,0.0,2.791372060775757,-3.937828302383423,1.0,1.0,20.0,20.0,0.0,1.0,18.0,3.0
5.800000190734863,9.5,0.0,6.0,1.0,9.5,10.75,0.0,0.03668617829680443,0.06008942052721977,1.0,3.0,19.0,19.0,16.0,1.0,19.0,3.0
7.400000095367432,10.899999618530273,0.0,0.0,2.0,-4.5,10.25,0.0,0.25551170110702515,0.37636181712150574,1.0,3.0,20.0,21.0,0.0,1.0,19.0,3.0
