x,y,z,dyn_prop,id,rcs,vx,vy,vx_comp,vy_comp,is_quality_valid,ambig_state,x_rms,y_rms,invalid_state,pdh0,vx_rms,vy_rms
9.399999618530273,6.300000190734863,0.0,0.0,0.0,19.5,10.0,0.0,0.5216804146766663,0.34963688254356384,1.0,3.0,19.0,20.0,0.0,1.0,17.0,3.0
7.800000190734863,-9.5,0.0,2.0,1.0,-4.0,-18.0,0.0,0.045513346791267395,-0.055432915687561035,1.0,1.0,19.0,20.0,10.0,3.0,19.0,3.0
8.399999618530273,-10.899999618530273,0.0,2.0,2.0,-4.5,-19.25,0.0,0.0064650787971913815,-0.00838921032845974,1.0,1.0,19.0,19.0,0.0,1.0,19.0,3.0
9.199999809265137,-12.699999809265137,0.0,2.0,3.0,-1.0,-20.75,0.0,-0.0973140299320221,0.13433566689491272,1.0,1.0,20.0,20.0,0.0,1.0,20.0,3.0
23.200000762939453,23.100000381469727,0.0,0.0,4.0,-0.5,9.0,0.0,-2.4905762672424316,-2.4798412322998047,1.0,1.0,20.0,20.0,0.0,1.0,18.0,3.0
28.0,37.29999923706055,0.0,0.0,5.0,9.5,19.25,0.0,0.1497509926557541,0.19948971271514893,1.0,1.0,21.0,21.0,0.0,1.0,20.0,3.0
31.0,35.29999923706055,0.0,0.0,6.0,6.0,16.5,0.0,0.20381639897823334,0.23208770155906677,1.0,1.0,20.0,20.0,0.0,1.0,18.0,3.0
