x,y,z,dyn_prop,id,rcs,vx,vy,vx_comp,vy_comp,is_quality_valid,ambig_state,x_rms,y_rms,invalid_state,pdh0,vx_rms,vy_rms
6.0,10.100000381469727,0.0,6.0,0.0,-3.0,11.0,0.0,-0.031866446137428284,-0.05364185944199562,1.0,3.0,20.0,21.0,0.0,1.0,20.0,3.0
6.400000095367432,12.100000381469727,0.0,4.0,1.0,-4.0,0.0,0.0,-2.7579596042633057,-5.214267730712891,1.0,0.0,0.0,0.0,7.0,6.0,0.0,0.0
