x,y,z,dyn_prop,id,rcs,vx,vy,vx_comp,vy_comp,is_quality_valid,ambig_state,x_rms,y_rms,invalid_state,pdh0,vx_rms,vy_rms
7.199999809265137,5.099999904632568,0.0,0.0,0.0,1.5,10.25,0.0,0.30591580271720886,0.216690331697464,1.0,1.0,19.0,19.0,0.0,1.0,17.0,3.0
8.800000190734863,7.699999809265137,0.0,0.0,1.0,-5.0,12.75,0.0,0.30846142768859863,0.2699037194252014,1.0,1.0,19.0,19.0,0.0,1.0,17.0,3.0
8.399999618530273,-10.100000381469727,0.0,2.0,2.0,-3.5,-17.75,0.0,0.05851051211357117,-0.07035192847251892,1.0,1.0,19.0,19.0,10.0,3.0,19.0,3.0
9.0,-11.100000381469727,0.0,2.0,3.0,-1.0,-18.5,0.0,-0.06284607946872711,0.07751016318798065,1.0,1.0,19.0,19.0,10.0,3.0,18.0,3.0
31.799999237060547,36.29999923706055,0.0,0.0,4.0,9.0,17.0,0.0,0.4052293002605438,0.4625730514526367,1.0,2.0,20.0,19.0,10.0,3.0,18.0,3.0
69.19999694824219,-36.099998474121094,0.0,2.0,5.0,12.5,-7.75,0.0,0.22057072818279266,-0.1150665208697319,1.0,1.0,20.0,21.0,0.0,1.0,16.0,3.0
81.80000305175781,-48.099998474121094,0.0,2.0,6.0,3.5,-8.75,0.0,0.17969214916229248,-0.10566249489784241,1.0,1.0,22.0,22.0,0.0,1.0,17.0,3.0
