x,y,z,dyn_prop,id,rcs,vx,vy,vx_comp,vy_comp,is_quality_valid,ambig_state,x_rms,y_rms,invalid_state,pdh0,vx_rms,vy_rms
7.400000095367432,6.300000190734863,0.0,0.0,0.0,-3.0,12.5,0.0,0.36536136269569397,0.3110509216785431,1.0,1.0,19.0,19.0,0.0,1.0,17.0,3.0
8.399999618530273,-8.699999809265137,0.0,2.0,1.0,-1.5,-15.75,0.0,-0.1370832622051239,0.14197909832000732,1.0,1.0,19.0,19.0,0.0,1.0,18.0,3.0
8.199999809265137,9.5,0.0,0.0,2.0,-3.5,16.75,0.0,0.1837354451417923,0.2128642350435257,1.0,1.0,19.0,19.0,0.0,1.0,18.0,3.0
7.0,11.699999809265137,0.0,0.0,3.0,0.5,24.75,0.0,0.2637777626514435,0.4408857226371765,1.0,1.0,19.0,20.0,16.0,1.0,21.0,3.0
9.399999618530273,-11.300000190734863,0.0,2.0,4.0,-4.5,-18.0,0.0,-0.05050843581557274,0.060717593878507614,1.0,1.0,19.0,20.0,10.0,3.0,19.0,3.0
16.399999618530273,20.899999618530273,0.0,0.0,5.0,-0.5,11.5,0.0,-2.4762632846832275,-3.1557254791259766,1.0,1.0,20.0,20.0,0.0,1.0,19.0,3.0
11.199999809265137,-28.700000762939453,0.0,4.0,6.0,9.5,0.0,0.0,4.967035293579102,-12.72802734375,1.0,0.0,0.0,0.0,7.0,6.0,0.0,0.0
22.0,30.5,0.0,0.0,7.0,15.5,20.0,0.0,0.13007667660713196,0.18033358454704285,1.0,1.0,19.0,19.0,0.0,1.0,19.0,3.0
51.79999923706055,-8.899999618530273,0.0,4.0,8.0,-0.5,0.0,0.0,2.86694073677063,-0.49258244037628174,1.0,0.0,0.0,0.0,7.0,6.0,0.0,0.0
56.20000076293945,-10.699999809265137,0.0,4.0,9.0,-3.0,0.0,0.0,3.1080117225646973,-0.5917388796806335,1.0,0.0,0.0,0.0,7.0,6.0,0.0,0.0
