x,y,z,dyn_prop,id,rcs,vx,vy,vx_comp,vy_comp,is_quality_valid,ambig_state,x_rms,y_rms,invalid_state,pdh0,vx_rms,vy_rms
22.399999618530273,39.5,0.0,4.0,0.0,21.5,0.0,0.0,-6.116121292114258,-10.785126686096191,1.0,0.0,0.0,0.0,7.0,6.0,0.0,0.0
40.0,8.5,0.0,4.0,1.0,-4.5,0.0,0.0,-2.521345853805542,-0.535785973072052,1.0,0.0,0.0,0.0,7.0,6.0,0.0,0.0
