x,y,z,dyn_prop,id,rcs,vx,vy,vx_comp,vy_comp,is_quality_valid,ambig_state,x_rms,y_rms,invalid_state,pdh0,vx_rms,vy_rms
5.0,1.7000000476837158,0.0,0.0,0.0,12.0,4.75,0.0,0.23313592374324799,0.07926622033119202,1.0,1.0,19.0,19.0,0.0,1.0,16.0,3.0
5.800000190734863,4.099999904632568,0.0,0.0,1.0,-1.5,10.25,0.0,0.292105108499527,0.20648807287216187,1.0,1.0,19.0,19.0,11.0,3.0,17.0,3.0
6.0,4.300000190734863,0.0,0.0,2.0,2.0,10.5,0.0,0.36095765233039856,0.2586863338947296,1.0,1.0,19.0,19.0,0.0,1.0,17.0,3.0
11.800000190734863,-16.899999618530273,0.0,2.0,3.0,-3.5,-18.25,0.0,0.9723269939422607,-1.392569899559021,1.0,1.0,20.0,20.0,16.0,1.0,20.0,3.0
11.800000190734863,-17.5,0.0,2.0,4.0,-3.5,-18.75,0.0,1.0015311241149902,-1.4853215217590332,1.0,1.0,20.0,20.0,16.0,1.0,20.0,3.0
39.0,10.899999618530273,0.0,0.0,5.0,-2.5,4.0,0.0,0.35975381731987,0.10054657608270645,1.0,1.0,19.0,20.0,4.0,3.0,16.0,3.0
40.20000076293945,9.300000190734863,0.0,0.0,6.0,-4.5,3.25,0.0,0.31912657618522644,0.07382779568433762,1.0,1.0,19.0,20.0,4.0,3.0,16.0,3.0
21.600000381469727,40.900001525878906,0.0,4.0,7.0,19.0,0.0,0.0,-5.893573760986328,-11.159591674804688,1.0,0.0,0.0,0.0,7.0,6.0,0.0,0.0
23.600000381469727,39.900001525878906,0.0,0.0,8.0,19.0,25.0,0.0,0.23788030445575714,0.40217897295951843,1.0,1.0,22.0,21.0,16.0,1.0,22.0,3.0
