x,y,z,dyn_prop,id,rcs,vx,vy,vx_comp,vy_comp,is_quality_valid,ambig_state,x_rms,y_rms,invalid_state,pdh0,vx_rms,vy_rms
5.400000095367432,0.8999999761581421,0.0,6.0,0.0,6.5,2.5,-0.25,0.47589796781539917,0.07931631803512573,1.0,3.0,19.0,19.0,0.0,1.0,16.0,3.0
9.399999618530273,2.9000000953674316,0.0,0.0,1.0,9.5,4.5,0.0,0.4326866865158081,0.1334884613752365,1.0,1.0,19.0,19.0,0.0,1.0,16.0,3.0
9.600000381469727,2.700000047683716,0.0,0.0,2.0,5.5,4.25,0.0,0.5737948417663574,0.16137979924678802,1.0,1.0,19.0,19.0,0.0,1.0,16.0,3.0
8.399999618530273,-23.299999237060547,0.0,4.0,3.0,7.5,0.0,0.0,4.678084373474121,-12.976114273071289,1.0,0.0,0.0,0.0,7.0,6.0,0.0,0.0
15.800000190734863,24.700000762939453,0.0,2.0,4.0,3.0,-25.75,0.0,-13.929644584655762,-21.77608871459961,1.0,1.0,21.0,21.0,16.0,1.0,21.0,3.0
13.0,-26.700000762939453,0.0,4.0,5.0,6.0,0.0,0.0,5.793281555175781,-11.898507118225098,1.0,0.0,0.0,0.0,7.0,6.0,0.0,0.0
23.200000762939453,25.700000762939453,0.0,2.0,6.0,-2.5,-8.75,0.0,-10.940641403198242,-12.119590759277344,1.0,1.0,21.0,20.0,4.0,3.0,18.0,3.0
21.0,42.29999923706055,0.0,4.0,7.0,22.5,0.0,0.0,-5.687170028686523,-11.455586433410645,1.0,0.0,0.0,0.0,7.0,6.0,0.0,0.0
