x,y,z,dyn_prop,id,rcs,vx,vy,vx_comp,vy_comp,is_quality_valid,ambig_state,x_rms,y_rms,invalid_state,pdh0,vx_rms,vy_rms
10.0,2.9000000953674316,0.0,0.0,0.0,1.5,4.25,0.0,0.4485003352165222,0.13006511330604553,1.0,2.0,19.0,19.0,0.0,1.0,16.0,3.0
10.0,3.0999999046325684,0.0,0.0,1.0,-2.0,4.5,0.0,0.4068991541862488,0.12613874673843384,1.0,2.0,19.0,19.0,0.0,1.0,16.0,3.0
10.199999809265137,3.700000047683716,0.0,0.0,2.0,-4.0,4.75,0.0,-0.061306074261665344,-0.02223847806453705,1.0,2.0,19.0,19.0,0.0,1.0,16.0,3.0
10.600000381469727,-12.300000190734863,0.0,2.0,3.0,-3.0,-17.25,0.0,0.01381602417677641,-0.01603180170059204,1.0,1.0,20.0,20.0,10.0,3.0,19.0,3.0
9.399999618530273,-14.5,0.0,2.0,4.0,-3.0,-23.0,0.0,-0.05086234584450722,0.07845787703990936,1.0,1.0,20.0,20.0,0.0,1.0,21.0,3.0
12.600000381469727,-13.100000381469727,0.0,2.0,5.0,-4.0,-13.5,0.0,0.9760180711746216,-1.0147489309310913,1.0,1.0,19.0,19.0,16.0,1.0,18.0,3.0
16.799999237060547,12.300000190734863,0.0,0.0,6.0,9.0,10.75,0.0,0.37131503224372864,0.2718556523323059,1.0,1.0,19.0,19.0,0.0,1.0,17.0,3.0
10.399999618530273,-23.5,0.0,4.0,7.0,9.5,0.0,0.0,5.442850112915039,-12.298748016357422,1.0,0.0,0.0,0.0,7.0,6.0,0.0,0.0
15.0,26.899999618530273,0.0,4.0,8.0,3.0,0.0,0.0,-6.066922664642334,-10.880014419555664,1.0,0.0,0.0,0.0,7.0,6.0,0.0,0.0
32.400001525878906,23.899999618530273,0.0,0.0,9.0,-4.5,10.5,0.0,0.15567238628864288,0.11483240127563477,1.0,1.0,20.0,20.0,4.0,3.0,17.0,3.0
33.400001525878906,23.100000381469727,0.0,0.0,10.0,-4.0,10.0,0.0,0.2762708365917206,0.19107355177402496,1.0,1.0,20.0,20.0,4.0,3.0,17.0,3.0
34.400001525878906,22.5,0.0,0.0,11.0,-2.5,9.5,0.0,0.31745240092277527,0.20763598382472992,1.0,1.0,20.0,20.0,4.0,3.0,17.0,3.0
22.200000762939453,42.900001525878906,0.0,4.0,12.0,25.0,0.0,0.0,-5.829137802124023,-11.264416694641113,1.0,0.0,0.0,0.0,7.0,6.0,0.0,0.0
