x,y,z,dyn_prop,id,rcs,vx,vy,vx_comp,vy_comp,is_quality_valid,ambig_state,x_rms,y_rms,invalid_state,pdh0,vx_rms,vy_rms
7.0,2.299999952316284,0.0,0.0,0.0,-3.0,5.0,0.0,0.5846860408782959,0.19211110472679138,1.0,3.0,20.0,20.0,0.0,1.0,16.0,3.0
10.600000381469727,2.700000047683716,0.0,0.0,1.0,-4.5,3.75,0.0,0.4433422088623047,0.11292678117752075,1.0,3.0,20.0,20.0,0.0,1.0,16.0,3.0
9.399999618530273,-12.899999618530273,0.0,6.0,2.0,-2.0,-21.0,0.0,-0.21172091364860535,0.29055315256118774,1.0,3.0,20.0,21.0,0.0,1.0,20.0,3.0
10.0,-21.5,0.0,4.0,3.0,5.0,0.0,0.0,5.638327598571777,-12.122406005859375,1.0,0.0,0.0,0.0,7.0,6.0,0.0,0.0
29.200000762939453,30.700000762939453,0.0,0.0,4.0,12.5,15.5,0.0,0.3010700047016144,0.31653594970703125,1.0,1.0,20.0,20.0,0.0,1.0,18.0,3.0
28.0,32.5,0.0,0.0,5.0,14.5,17.0,0.0,0.23147262632846832,0.2686735987663269,1.0,1.0,19.0,19.0,10.0,3.0,18.0,3.0
29.399999618530273,31.899999618530273,0.0,0.0,6.0,8.0,16.0,0.0,0.2958635091781616,0.32102200388908386,1.0,1.0,20.0,20.0,11.0,3.0,18.0,3.0
