x,y,z,dyn_prop,id,rcs,vx,vy,vx_comp,vy_comp,is_quality_valid,ambig_state,x_rms,y_rms,invalid_state,pdh0,vx_rms,vy_rms
4.199999809265137,-5.900000095367432,0.0,2.0,0.0,0.5,-3.0,0.0,6.0131754875183105,-8.447080612182617,1.0,1.0,19.0,20.0,0.0,1.0,18.0,3.0
10.800000190734863,3.299999952316284,0.0,0.0,1.0,-4.5,4.5,0.0,0.44535091519355774,0.13607944548130035,1.0,3.0,19.0,20.0,0.0,1.0,16.0,3.0
7.800000190734863,-18.899999618530273,0.0,4.0,2.0,3.5,0.0,0.0,5.195539951324463,-12.589190483093262,1.0,0.0,0.0,0.0,7.0,6.0,0.0,0.0
13.199999809265137,-21.5,0.0,2.0,3.0,12.5,-24.0,0.0,0.03828149661421776,-0.06235242635011673,1.0,1.0,19.0,19.0,0.0,1.0,19.0,3.0
13.199999809265137,-24.5,0.0,4.0,4.0,5.0,0.0,0.0,6.174997329711914,-11.461170196533203,1.0,0.0,0.0,0.0,7.0,6.0,0.0,0.0
24.399999618530273,31.100000381469727,0.0,0.0,5.0,2.5,18.75,0.0,0.24131955206394196,0.3075835406780243,1.0,1.0,21.0,21.0,0.0,1.0,20.0,3.0
25.600000381469727,32.5,0.0,0.0,6.0,7.0,18.75,0.0,0.2707005441188812,0.3436627984046936,1.0,1.0,21.0,21.0,0.0,1.0,19.0,3.0
28.600000381469727,33.70000076293945,0.0,0.0,7.0,11.0,17.75,0.0,0.4331176280975342,0.5103518962860107,1.0,2.0,19.0,19.0,10.0,3.0,18.0,3.0
