x,y,z,dyn_prop,id,rcs,vx,vy,vx_comp,vy_comp,is_quality_valid,ambig_state,x_rms,y_rms,invalid_state,pdh0,vx_rms,vy_rms
8.0,-1.2999999523162842,0.0,2.0,0.0,8.5,-2.75,0.0,0.05351995304226875,-0.008696991950273514,1.0,1.0,20.0,19.0,0.0,1.0,16.0,3.0
12.0,2.9000000953674316,0.0,0.0,1.0,-0.5,3.5,0.0,0.3960413634777069,0.09570999443531036,1.0,3.0,20.0,19.0,0.0,1.0,16.0,3.0
11.800000190734863,3.5,0.0,0.0,2.0,7.5,4.25,0.0,0.339202880859375,0.10061102360486984,1.0,3.0,19.0,19.0,0.0,1.0,16.0,3.0
9.600000381469727,-16.299999237060547,0.0,2.0,3.0,3.5,-25.0,0.0,0.042431481182575226,-0.07204511761665344,1.0,1.0,20.0,20.0,0.0,1.0,21.0,3.0
13.199999809265137,-13.5,0.0,6.0,4.0,-2.5,-16.0,-0.25,-0.20144200325012207,0.20602023601531982,1.0,3.0,19.0,19.0,0.0,1.0,18.0,3.0
13.199999809265137,-19.700000762939453,0.0,6.0,5.0,3.5,-23.0,-0.25,-0.1408783346414566,0.21025025844573975,1.0,3.0,20.0,20.0,0.0,1.0,20.0,3.0
7.800000190734863,-1.2999999523162842,0.0,4.0,6.0,2.0,0.0,0.0,2.7881619930267334,-0.4646936357021332,1.0,0.0,0.0,0.0,7.0,6.0,0.0,0.0
