x,y,z,dyn_prop,id,rcs,vx,vy,vx_comp,vy_comp,is_quality_valid,ambig_state,x_rms,y_rms,invalid_state,pdh0,vx_rms,vy_rms
8.0,-1.2999999523162842,0.0,2.0,0.0,-3.0,-2.5,0.0,0.2967875003814697,-0.04822796583175659,1.0,2.0,19.0,19.0,11.0,3.0,16.0,3.0
8.399999618530273,-1.2999999523162842,0.0,2.0,1.0,-1.5,-2.5,0.0,0.18747800588607788,-0.029014453291893005,1.0,1.0,19.0,19.0,0.0,1.0,16.0,3.0
10.399999618530273,-3.0999999046325684,0.0,6.0,2.0,-4.0,-5.5,-0.25,-0.5942419767379761,0.1771298199892044,1.0,3.0,19.0,19.0,0.0,1.0,16.0,3.0
7.599999904632568,13.699999809265137,0.0,4.0,3.0,3.0,0.0,0.0,-6.072511196136475,-10.946501731872559,1.0,0.0,0.0,0.0,7.0,6.0,0.0,0.0
9.399999618530273,-18.299999237060547,0.0,4.0,4.0,8.0,0.0,0.0,6.008632659912109,-11.697657585144043,1.0,0.0,0.0,0.0,7.0,6.0,0.0,0.0
12.600000381469727,-15.899999618530273,0.0,6.0,5.0,4.0,-18.0,-0.25,0.4343228042125702,-0.5480740070343018,1.0,3.0,20.0,20.0,10.0,3.0,19.0,3.0
