x,y,z,dyn_prop,id,rcs,vx,vy,vx_comp,vy_comp,is_quality_valid,ambig_state,x_rms,y_rms,invalid_state,pdh0,vx_rms,vy_rms
9.399999618530273,-5.5,0.0,2.0,0.0,-4.5,-9.0,0.0,-0.05578542500734329,0.03264040872454643,1.0,1.0,19.0,19.0,0.0,1.0,17.0,3.0
10.0,8.300000190734863,0.0,0.0,1.0,-3.5,12.0,0.0,0.1422240436077118,0.11804596334695816,1.0,1.0,20.0,20.0,0.0,1.0,17.0,3.0
12.399999618530273,7.5,0.0,0.0,2.0,-5.0,9.0,0.0,0.38909128308296204,0.235337495803833,1.0,1.0,19.0,19.0,0.0,1.0,17.0,3.0
15.399999618530273,0.5,0.0,1.0,3.0,-2.0,0.5,0.25,0.40559467673301697,0.013168659061193466,1.0,3.0,19.0,19.0,0.0,1.0,16.0,3.0
15.600000381469727,1.2999999523162842,0.0,0.0,4.0,-2.5,1.25,0.25,0.4222899079322815,0.035190824419260025,1.0,3.0,20.0,19.0,0.0,1.0,16.0,3.0
15.800000190734863,5.099999904632568,0.0,0.0,5.0,-4.5,4.0,0.25,-0.24002087116241455,-0.07747509330511093,1.0,3.0,20.0,19.0,0.0,1.0,16.0,3.0
15.800000190734863,7.099999904632568,0.0,0.0,6.0,9.0,6.25,0.25,0.13839192688465118,0.0621887743473053,1.0,3.0,19.0,19.0,0.0,1.0,16.0,3.0
12.800000190734863,12.100000381469727,0.0,0.0,7.0,3.5,14.0,0.0,0.29290783405303955,0.276889443397522,1.0,1.0,19.0,19.0,0.0,1.0,17.0,3.0
10.399999618530273,16.100000381469727,0.0,0.0,8.0,13.0,25.5,0.0,0.955064058303833,1.4785126447677612,1.0,2.0,19.0,19.0,0.0,1.0,21.0,3.0
9.800000190734863,-19.100000381469727,0.0,4.0,9.0,3.0,0.0,0.0,6.014591217041016,-11.722314834594727,1.0,0.0,0.0,0.0,7.0,6.0,0.0,0.0
9.600000381469727,20.5,0.0,4.0,10.0,5.0,0.0,0.0,-5.54700231552124,-11.845158576965332,1.0,0.0,0.0,0.0,7.0,6.0,0.0,0.0
9.800000190734863,21.700000762939453,0.0,4.0,11.0,3.0,0.0,0.0,-5.419933319091797,-12.001280784606934,1.0,0.0,0.0,0.0,7.0,6.0,0.0,0.0
13.0,24.299999237060547,0.0,4.0,12.0,6.0,0.0,0.0,-5.996954441070557,-11.209693908691406,1.0,0.0,0.0,0.0,7.0,6.0,0.0,0.0
31.399999618530273,6.699999809265137,0.0,0.0,13.0,-3.5,3.25,0.0,0.4816034436225891,0.10276252031326294,1.0,1.0,19.0,19.0,4.0,3.0,16.0,3.0
