x,y,z,dyn_prop,id,rcs,vx,vy,vx_comp,vy_comp,is_quality_valid,ambig_state,x_rms,y_rms,invalid_state,pdh0,vx_rms,vy_rms
15.600000381469727,9.300000190734863,0.0,0.0,0.0,-2.0,8.75,0.0,0.27060744166374207,0.1613236516714096,1.0,1.0,19.0,19.0,0.0,1.0,17.0,3.0
15.399999618530273,12.300000190734863,0.0,0.0,1.0,9.5,11.75,0.0,0.24093709886074066,0.19243678450584412,1.0,1.0,19.0,19.0,0.0,1.0,17.0,3.0
12.399999618530273,15.899999618530273,0.0,0.0,2.0,3.5,20.0,0.0,0.5858198404312134,0.7511721849441528,1.0,1.0,19.0,19.0,16.0,1.0,19.0,3.0
9.399999618530273,18.5,0.0,4.0,3.0,3.0,0.0,0.0,-5.85113525390625,-11.515533447265625,1.0,0.0,0.0,0.0,7.0,6.0,0.0,0.0
8.600000381469727,19.700000762939453,0.0,4.0,4.0,4.5,0.0,0.0,-5.322085380554199,-12.191288948059082,1.0,0.0,0.0,0.0,7.0,6.0,0.0,0.0
9.600000381469727,24.299999237060547,0.0,4.0,5.0,11.5,0.0,0.0,-4.965213298797607,-12.568196296691895,1.0,0.0,0.0,0.0,7.0,6.0,0.0,0.0
