x,y,z,dyn_prop,id,rcs,vx,vy,vx_comp,vy_comp,is_quality_valid,ambig_state,x_rms,y_rms,invalid_state,pdh0,vx_rms,vy_rms
8.0,-9.100000381469727,0.0,2.0,0.0,1.5,-17.0,0.0,0.05267120897769928,-0.059913501143455505,1.0,1.0,19.0,19.0,0.0,1.0,18.0,3.0
17.399999618530273,-4.900000095367432,0.0,2.0,1.0,3.0,-4.25,0.0,0.23968563973903656,-0.06749768555164337,1.0,1.0,19.0,19.0,0.0,1.0,16.0,3.0
9.399999618530273,16.5,0.0,4.0,2.0,-0.5,0.0,0.0,-6.249917507171631,-10.970601081848145,1.0,0.0,0.0,0.0,7.0,6.0,0.0,0.0
8.800000190734863,18.899999618530273,0.0,4.0,3.0,-0.5,0.0,0.0,-5.574686050415039,-11.972905158996582,1.0,0.0,0.0,0.0,7.0,6.0,0.0,0.0
15.600000381469727,16.5,0.0,0.0,4.0,10.0,15.75,0.0,0.24693337082862854,0.26117953658103943,1.0,1.0,19.0,19.0,0.0,1.0,18.0,3.0
9.800000190734863,22.5,0.0,4.0,5.0,6.0,0.0,0.0,-5.337526321411133,-12.254526138305664,1.0,0.0,0.0,0.0,7.0,6.0,0.0,0.0
12.600000381469727,24.899999618530273,0.0,4.0,6.0,4.5,0.0,0.0,-5.8633198738098145,-11.5870361328125,1.0,0.0,0.0,0.0,7.0,6.0,0.0,0.0
9.199999809265137,28.899999618530273,0.0,4.0,7.0,12.5,0.0,0.0,-4.226273059844971,-13.276006698608398,1.0,0.0,0.0,0.0,7.0,6.0,0.0,0.0
34.0,-12.699999809265137,0.0,2.0,8.0,1.0,-5.75,0.0,0.09933974593877792,-0.03710631653666496,1.0,1.0,19.0,19.0,0.0,1.0,16.0,3.0
33.79999923706055,-13.899999618530273,0.0,2.0,9.0,6.5,-6.25,0.0,0.14449253678321838,-0.05942148715257645,1.0,1.0,19.0,19.0,0.0,1.0,16.0,3.0
33.79999923706055,-14.300000190734863,0.0,2.0,10.0,2.0,-6.5,0.0,0.07914869487285614,-0.03348598629236221,1.0,1.0,20.0,20.0,0.0,1.0,16.0,3.0
35.20000076293945,-13.899999618530273,0.0,2.0,11.0,-1.5,-6.0,0.0,0.15390852093696594,-0.060776371508836746,1.0,1.0,20.0,20.0,11.0,3.0,16.0,3.0
35.0,-15.300000190734863,0.0,2.0,12.0,-0.5,-6.75,0.0,0.04247056320309639,-0.018565701320767403,1.0,1.0,20.0,20.0,4.0,3.0,16.0,3.0
36.0,-15.100000381469727,0.0,2.0,13.0,-4.5,-6.25,0.0,0.246432825922966,-0.10336487740278244,1.0,1.0,20.0,20.0,4.0,3.0,16.0,3.0
33.0,-28.299999237060547,0.0,2.0,14.0,-5.0,-13.0,0.0,-0.002334156073629856,0.0020017155911773443,1.0,1.0,21.0,21.0,4.0,3.0,18.0,3.0
4.599999904632568,-0.699999988079071,0.0,2.0,15.0,2.0,-2.25,0.0,0.34342437982559204,-0.05226023122668266,1.0,3.0,21.0,19.0,0.0,1.0,16.0,3.0
