x,y,z,dyn_prop,id,rcs,vx,vy,vx_comp,vy_comp,is_quality_valid,ambig_state,x_rms,y_rms,invalid_state,pdh0,vx_rms,vy_rms
4.0,-0.5,0.0,2.0,0.0,5.5,-2.0,0.0,0.20137466490268707,-0.025171833112835884,1.0,3.0,19.0,19.0,0.0,1.0,16.0,3.0
8.0,-5.900000095367432,0.0,2.0,1.0,-3.5,-11.0,0.0,0.1566634178161621,-0.11553926765918732,1.0,1.0,20.0,19.0,0.0,1.0,17.0,3.0
7.800000190734863,-8.899999618530273,0.0,2.0,2.0,0.0,-17.25,0.0,-0.023529445752501488,0.02684769779443741,1.0,1.0,19.0,19.0,0.0,1.0,18.0,3.0
8.0,10.699999809265137,0.0,0.0,3.0,-0.5,19.75,0.0,0.13465362787246704,0.1800992339849472,1.0,1.0,20.0,20.0,0.0,1.0,20.0,3.0
16.200000762939453,19.700000762939453,0.0,0.0,4.0,2.5,19.25,0.0,0.6727209687232971,0.818061888217926,1.0,2.0,19.0,19.0,0.0,1.0,18.0,3.0
13.0,28.100000381469727,0.0,4.0,5.0,5.0,0.0,0.0,-5.559177398681641,-12.016375541687012,1.0,0.0,0.0,0.0,7.0,6.0,0.0,0.0
13.0,31.299999237060547,0.0,4.0,6.0,10.0,0.0,0.0,-5.173620223999023,-12.4564847946167,1.0,0.0,0.0,0.0,7.0,6.0,0.0,0.0
43.20000076293945,18.299999237060547,0.0,0.0,7.0,-5.0,6.25,0.0,0.3050929009914398,0.1292407363653183,1.0,1.0,20.0,20.0,4.0,3.0,16.0,3.0
