x,y,z,dyn_prop,id,rcs,vx,vy,vx_comp,vy_comp,is_quality_valid,ambig_state,x_rms,y_rms,invalid_state,pdh0,vx_rms,vy_rms
8.0,12.100000381469727,0.0,0.0,0.0,3.0,22.25,0.0,0.08266477286815643,0.12503047287464142,1.0,1.0,20.0,20.0,0.0,1.0,21.0,3.0
9.600000381469727,-16.299999237060547,0.0,2.0,1.0,-3.0,-25.5,0.0,-0.01734078861773014,0.02944321371614933,1.0,1.0,20.0,20.0,0.0,1.0,22.0,3.0
23.799999237060547,6.300000190734863,0.0,0.0,2.0,-4.0,9.25,0.0,5.325812339782715,1.4097739458084106,1.0,1.0,19.0,19.0,4.0,3.0,16.0,3.0
12.399999618530273,26.299999237060547,0.0,4.0,3.0,9.5,0.0,0.0,-5.631345748901367,-11.943901062011719,1.0,0.0,0.0,0.0,7.0,6.0,0.0,0.0
13.0,29.299999237060547,0.0,4.0,4.0,8.0,0.0,0.0,-5.415668487548828,-12.206083297729492,1.0,0.0,0.0,0.0,7.0,6.0,0.0,0.0
42.400001525878906,21.299999237060547,0.0,0.0,5.0,-3.0,7.5,0.0,0.3508360981941223,0.17624546587467194,1.0,1.0,20.0,20.0,4.0,3.0,16.0,3.0
50.599998474121094,28.899999618530273,0.0,0.0,6.0,-0.5,8.5,0.0,0.3193527162075043,0.18239709734916687,1.0,1.0,20.0,21.0,4.0,3.0,17.0,3.0
11.0,0.10000000149011612,0.0,4.0,7.0,-1.0,0.0,0.0,0.22384865581989288,0.0020349877886474133,1.0,3.0,0.0,0.0,8.0,6.0,0.0,0.0
