x,y,z,dyn_prop,id,rcs,vx,vy,vx_comp,vy_comp,is_quality_valid,ambig_state,x_rms,y_rms,invalid_state,pdh0,vx_rms,vy_rms
8.600000381469727,2.5,0.0,0.0,0.0,-4.5,4.5,0.0,0.514488935470581,0.14956071972846985,1.0,1.0,20.0,19.0,0.0,1.0,16.0,3.0
7.800000190734863,-6.5,0.0,2.0,1.0,-3.0,-12.75,0.0,-0.04226575046777725,0.03522145748138428,1.0,1.0,20.0,20.0,0.0,1.0,17.0,3.0
8.800000190734863,5.699999809265137,0.0,0.0,2.0,-2.5,9.5,0.0,0.19637861847877502,0.12719976902008057,1.0,1.0,20.0,19.0,0.0,1.0,17.0,3.0
12.0,8.5,0.0,0.0,3.0,-3.5,10.5,0.0,0.2547864615917206,0.18047372996807098,1.0,1.0,19.0,19.0,0.0,1.0,17.0,3.0
10.600000381469727,22.899999618530273,0.0,4.0,4.0,3.5,0.0,0.0,-5.573788166046143,-12.041485786437988,1.0,0.0,0.0,0.0,7.0,6.0,0.0,0.0
15.399999618530273,22.100000381469727,0.0,0.0,5.0,4.0,21.5,0.0,0.20815980434417725,0.2987228333950043,1.0,1.0,20.0,20.0,0.0,1.0,20.0,3.0
45.599998474121094,34.900001525878906,0.0,0.0,6.0,0.0,11.5,0.0,0.3402351438999176,0.26039931178092957,1.0,1.0,21.0,21.0,4.0,3.0,17.0,3.0
50.400001525878906,29.700000762939453,0.0,0.0,7.0,1.0,8.75,0.0,0.2916378676891327,0.1718580275774002,1.0,1.0,20.0,20.0,0.0,1.0,17.0,3.0
58.20000076293945,29.299999237060547,0.0,0.0,8.0,-4.5,7.5,0.0,0.32894641160964966,0.16560359299182892,1.0,1.0,21.0,21.0,4.0,3.0,16.0,3.0
