x,y,z,dyn_prop,id,rcs,vx,vy,vx_comp,vy_comp,is_quality_valid,ambig_state,x_rms,y_rms,invalid_state,pdh0,vx_rms,vy_rms
7.400000095367432,6.699999809265137,0.0,0.0,0.0,2.5,5.0,0.0,-4.430487632751465,-4.011386871337891,1.0,1.0,19.0,19.0,0.0,1.0,17.0,3.0
3.4000000953674316,10.300000190734863,0.0,4.0,1.0,15.0,0.0,0.0,-4.3756489753723145,-13.255642890930176,1.0,0.0,0.0,0.0,7.0,6.0,0.0,0.0
9.0,-7.300000190734863,0.0,0.0,2.0,-2.5,4.75,0.0,10.326367378234863,-8.375831604003906,1.0,1.0,20.0,19.0,16.0,1.0,17.0,3.0
9.600000381469727,11.5,0.0,0.0,3.0,-3.5,18.0,0.0,0.24789701402187347,0.2969599962234497,1.0,1.0,20.0,20.0,10.0,3.0,19.0,3.0
6.599999904632568,-13.300000190734863,0.0,4.0,4.0,3.5,0.0,0.0,5.9692888259887695,-12.029020309448242,1.0,0.0,0.0,0.0,7.0,6.0,0.0,0.0
12.0,25.100000381469727,0.0,4.0,5.0,8.5,0.0,0.0,-5.700109958648682,-11.922730445861816,1.0,0.0,0.0,0.0,7.0,6.0,0.0,0.0
61.79999923706055,67.69999694824219,0.0,0.0,6.0,13.5,16.5,0.0,0.28250575065612793,0.309476375579834,1.0,1.0,22.0,22.0,0.0,1.0,18.0,3.0
