x,y,z,dyn_prop,id,rcs,vx,vy,vx_comp,vy_comp,is_quality_valid,ambig_state,x_rms,y_rms,invalid_state,pdh0,vx_rms,vy_rms
4.199999809265137,4.900000095367432,0.0,0.0,0.0,-3.5,17.5,0.0,0.23334504663944244,0.2722359001636505,1.0,1.0,19.0,19.0,10.0,3.0,18.0,3.0
8.399999618530273,5.900000095367432,0.0,0.0,1.0,-3.5,10.5,0.0,0.2928958237171173,0.20572446286678314,1.0,1.0,19.0,19.0,0.0,1.0,17.0,3.0
7.400000095367432,13.899999618530273,0.0,4.0,2.0,6.0,0.0,0.0,-6.07410192489624,-11.409461975097656,1.0,0.0,0.0,0.0,7.0,6.0,0.0,0.0
10.0,13.300000190734863,0.0,2.0,3.0,3.5,-8.0,0.0,-9.885390281677246,-13.147570610046387,1.0,1.0,19.0,19.0,0.0,1.0,18.0,3.0
9.600000381469727,14.5,0.0,0.0,4.0,4.0,22.5,0.0,0.13785207271575928,0.20821407437324524,1.0,1.0,19.0,19.0,0.0,1.0,20.0,3.0
29.399999618530273,37.29999923706055,0.0,2.0,5.0,13.5,-17.25,0.0,-13.684967994689941,-17.36222267150879,1.0,1.0,21.0,20.0,0.0,1.0,19.0,3.0
