x,y,z,dyn_prop,id,rcs,vx,vy,vx_comp,vy_comp,is_quality_valid,ambig_state,x_rms,y_rms,invalid_state,pdh0,vx_rms,vy_rms
7.599999904632568,-5.300000190734863,0.0,2.0,0.0,-3.5,-10.5,0.0,0.13756079971790314,-0.0959305614233017,1.0,1.0,19.0,19.0,0.0,1.0,17.0,3.0
7.0,12.5,0.0,4.0,1.0,4.5,0.0,0.0,-6.2421393394470215,-11.146677017211914,1.0,0.0,0.0,0.0,7.0,6.0,0.0,0.0
5.400000095367432,-13.899999618530273,0.0,4.0,2.0,6.0,0.0,0.0,5.05603551864624,-13.01461124420166,1.0,0.0,0.0,0.0,7.0,6.0,0.0,0.0
12.199999809265137,27.100000381469727,0.0,4.0,3.0,6.5,0.0,0.0,-5.49551248550415,-12.207245826721191,1.0,0.0,0.0,0.0,7.0,6.0,0.0,0.0
12.800000190734863,30.100000381469727,0.0,4.0,4.0,10.0,0.0,0.0,-5.290271759033203,-12.440403938293457,1.0,0.0,0.0,0.0,7.0,6.0,0.0,0.0
