x,y,z,dyn_prop,id,rcs,vx,vy,vx_comp,vy_comp,is_quality_valid,ambig_state,x_rms,y_rms,invalid_state,pdh0,vx_rms,vy_rms
12.199999809265137,31.299999237060547,0.0,4.0,0.0,11.5,0.0,0.0,-4.972550392150879,-12.75744342803955,1.0,0.0,0.0,0.0,7.0,6.0,0.0,0.0
11.600000381469727,-0.5,0.0,3.0,1.0,1.0,-0.75,0.5,0.23008474707603455,-0.009917444549500942,1.0,3.0,20.0,19.0,0.0,1.0,16.0,3.0
