x,y,z,dyn_prop,id,rcs,vx,vy,vx_comp,vy_comp,is_quality_valid,ambig_state,x_rms,y_rms,invalid_state,pdh0,vx_rms,vy_rms
7.800000190734863,4.300000190734863,0.0,0.0,0.0,-2.0,8.25,0.0,0.3255765736103058,0.1794845163822174,1.0,1.0,19.0,19.0,0.0,1.0,17.0,3.0
8.399999618530273,10.100000381469727,0.0,0.0,1.0,1.0,18.5,0.0,0.4107201397418976,0.49384209513664246,1.0,1.0,19.0,20.0,10.0,3.0,19.0,3.0
7.0,-12.899999618530273,0.0,4.0,2.0,4.5,0.0,0.0,6.308259963989258,-11.625223159790039,1.0,0.0,0.0,0.0,7.0,6.0,0.0,0.0
8.399999618530273,13.300000190734863,0.0,0.0,3.0,1.0,23.75,0.0,0.17013853788375854,0.2693859934806824,1.0,1.0,20.0,20.0,0.0,1.0,21.0,3.0
9.0,15.5,0.0,4.0,4.0,-1.0,0.0,0.0,-6.357985973358154,-10.94986629486084,1.0,0.0,0.0,0.0,7.0,6.0,0.0,0.0
