x,y,z,dyn_prop,id,rcs,vx,vy,vx_comp,vy_comp,is_quality_valid,ambig_state,x_rms,y_rms,invalid_state,pdh0,vx_rms,vy_rms
8.199999809265137,11.5,0.0,0.0,0.0,-1.0,21.0,0.0,0.1707012951374054,0.23939815163612366,1.0,1.0,20.0,20.0,0.0,1.0,20.0,3.0
9.600000381469727,14.300000190734863,0.0,0.0,1.0,-2.5,24.75,0.0,0.9197825789451599,1.3700926303863525,1.0,2.0,19.0,20.0,16.0,1.0,21.0,3.0
9.199999809265137,-17.100000381469727,0.0,4.0,2.0,-2.5,0.0,0.0,6.284958839416504,-11.681825637817383,1.0,0.0,0.0,0.0,7.0,6.0,0.0,0.0
