x,y,z,dyn_prop,id,rcs,vx,vy,vx_comp,vy_comp,is_quality_valid,ambig_state,x_rms,y_rms,invalid_state,pdh0,vx_rms,vy_rms
3.799999952316284,-12.100000381469727,0.0,4.0,0.0,10.0,0.0,0.0,4.285012245178223,-13.644380569458008,1.0,0.0,0.0,0.0,7.0,6.0,0.0,0.0
10.600000381469727,10.699999809265137,0.0,0.0,1.0,-5.0,15.0,0.0,0.1739223599433899,0.17556312680244446,1.0,1.0,19.0,19.0,0.0,1.0,18.0,3.0
8.600000381469727,15.100000381469727,0.0,4.0,2.0,1.5,0.0,0.0,-6.307126522064209,-11.074142456054688,1.0,0.0,0.0,0.0,7.0,6.0,0.0,0.0
23.200000762939453,-30.700000762939453,0.0,0.0,3.0,3.5,15.0,0.0,12.740619659423828,-16.85935401916504,1.0,1.0,20.0,20.0,0.0,1.0,19.0,3.0
