x,y,z,dyn_prop,id,rcs,vx,vy,vx_comp,vy_comp,is_quality_valid,ambig_state,x_rms,y_rms,invalid_state,pdh0,vx_rms,vy_rms
3.799999952316284,-9.699999809265137,0.0,4.0,0.0,10.5,0.0,0.0,5.105454921722412,-13.032347679138184,1.0,0.0,0.0,0.0,7.0,6.0,0.0,0.0
7.800000190734863,7.5,0.0,0.0,1.0,-5.0,14.75,0.0,0.42348146438598633,0.40719372034072876,1.0,1.0,20.0,20.0,0.0,1.0,18.0,3.0
8.199999809265137,13.699999809265137,0.0,0.0,2.0,-0.5,25.5,0.0,0.2661097049713135,0.444597989320755,1.0,1.0,20.0,20.0,16.0,1.0,22.0,3.0
9.0,19.5,0.0,4.0,3.0,3.0,0.0,0.0,-5.597192764282227,-12.127254486083984,1.0,0.0,0.0,0.0,7.0,6.0,0.0,0.0
30.200000762939453,-24.899999618530273,0.0,2.0,4.0,4.5,-12.5,0.0,0.089079350233078,-0.07344622164964676,1.0,1.0,20.0,20.0,0.0,1.0,17.0,3.0
30.799999237060547,-34.099998474121094,0.0,2.0,5.0,1.5,-16.5,0.0,0.16022762656211853,-0.17739485204219818,1.0,1.0,21.0,21.0,0.0,1.0,19.0,3.0
34.599998474121094,-36.900001525878906,0.0,2.0,6.0,3.5,-16.25,0.0,0.00060197280254215,-0.0006419883575290442,1.0,1.0,21.0,21.0,0.0,1.0,18.0,3.0
