x,y,z,dyn_prop,id,rcs,vx,vy,vx_comp,vy_comp,is_quality_valid,ambig_state,x_rms,y_rms,invalid_state,pdh0,vx_rms,vy_rms
2.799999952316284,-0.10000000149011612,0.0,1.0,0.0,-0.5,-0.5,0.25,0.4116668999195099,-0.01470238994807005,1.0,3.0,19.0,19.0,0.0,1.0,16.0,3.0
18.399999618530273,-11.100000381469727,0.0,2.0,1.0,-5.0,-9.25,0.0,0.11872725933790207,-0.07162351906299591,1.0,1.0,19.0,19.0,4.0,3.0,17.0,3.0
32.79999923706055,-18.100000381469727,0.0,2.0,2.0,-2.0,-8.5,0.0,0.10922791808843613,-0.06027517095208168,1.0,1.0,20.0,20.0,4.0,3.0,17.0,3.0
33.0,-17.899999618530273,0.0,2.0,3.0,-3.0,-4.25,0.0,3.2851991653442383,-1.7819715738296509,1.0,1.0,20.0,20.0,4.0,3.0,16.0,3.0
33.20000076293945,-17.5,0.0,2.0,4.0,-2.5,-8.0,0.0,0.2133680135011673,-0.11246807128190994,1.0,1.0,20.0,20.0,4.0,3.0,17.0,3.0
36.79999923706055,-24.899999618530273,0.0,2.0,5.0,-4.0,-10.25,0.0,0.17806188762187958,-0.12048208713531494,1.0,1.0,21.0,21.0,4.0,3.0,17.0,3.0
