x,y,z,dyn_prop,id,rcs,vx,vy,vx_comp,vy_comp,is_quality_valid,ambig_state,x_rms,y_rms,invalid_state,pdh0,vx_rms,vy_rms
3.799999952316284,5.699999809265137,0.0,6.0,0.0,-4.5,7.75,0.0,0.0040116445161402225,0.0060174670070409775,1.0,3.0,19.0,20.0,0.0,1.0,19.0,3.0
6.800000190734863,3.700000047683716,0.0,1.0,1.0,-3.5,2.25,0.0,0.22328484058380127,0.12149322032928467,1.0,2.0,19.0,19.0,0.0,1.0,16.0,3.0
8.0,1.7000000476837158,0.0,0.0,2.0,-4.0,1.5,-5.5,0.35840708017349243,0.07616150379180908,1.0,3.0,20.0,20.0,0.0,1.0,16.0,3.0
9.0,-0.10000000149011612,0.0,5.0,3.0,-5.0,-1.0,0.0,0.3945644199848175,-0.004384049214422703,1.0,3.0,20.0,19.0,0.0,1.0,16.0,3.0
10.800000190734863,-3.700000047683716,0.0,6.0,4.0,-4.0,-3.0,0.0,0.3559611439704895,-0.12194964289665222,1.0,3.0,19.0,19.0,0.0,1.0,16.0,3.0
5.800000190734863,-11.5,0.0,4.0,5.0,1.5,0.0,0.0,2.698903799057007,-5.351273536682129,1.0,0.0,0.0,0.0,7.0,6.0,0.0,0.0
12.399999618530273,-7.099999904632568,0.0,6.0,6.0,-3.0,-4.25,0.0,0.4048261046409607,-0.23179559409618378,1.0,3.0,19.0,19.0,0.0,1.0,16.0,3.0
9.399999618530273,15.100000381469727,0.0,0.0,7.0,-1.5,8.25,0.0,-0.03626067563891411,-0.05824854224920273,1.0,1.0,20.0,20.0,0.0,1.0,19.0,3.0
