x,y,z,dyn_prop,id,rcs,vx,vy,vx_comp,vy_comp,is_quality_valid,ambig_state,x_rms,y_rms,invalid_state,pdh0,vx_rms,vy_rms
35.599998474121094,-4.300000190734863,0.0,2.0,0.0,-2.5,-1.5,0.0,0.11919697374105453,-0.014397387392818928,1.0,2.0,19.0,19.0,4.0,3.0,16.0,3.0
41.20000076293945,-4.300000190734863,0.0,2.0,1.0,-1.0,-1.25,0.0,0.18967992067337036,-0.019796691834926605,1.0,1.0,19.0,19.0,4.0,3.0,16.0,3.0
41.0,5.5,0.0,1.0,2.0,-3.0,-1.0,0.0,-2.1233222484588623,-0.28483590483665466,1.0,0.0,20.0,19.0,3.0,6.0,16.0,3.0
