x,y,z,dyn_prop,id,rcs,vx,vy,vx_comp,vy_comp,is_quality_valid,ambig_state,x_rms,y_rms,invalid_state,pdh0,vx_rms,vy_rms
7.400000095367432,-10.5,0.0,2.0,0.0,-3.0,-16.0,0.0,0.03928321227431297,-0.055739689618349075,1.0,1.0,19.0,19.0,0.0,1.0,19.0,3.0
23.0,-21.899999618530273,0.0,6.0,1.0,1.5,-10.75,0.0,0.0878322422504425,-0.08363157510757446,1.0,3.0,20.0,21.0,0.0,1.0,17.0,3.0
