x,y,z,dyn_prop,id,rcs,vx,vy,vx_comp,vy_comp,is_quality_valid,ambig_state,x_rms,y_rms,invalid_state,pdh0,vx_rms,vy_rms
7.599999904632568,-3.0999999046325684,0.0,2.0,0.0,-3.0,-4.5,0.0,0.32180988788604736,-0.1312645524740219,1.0,1.0,19.0,19.0,0.0,1.0,16.0,3.0
7.599999904632568,-9.300000190734863,0.0,2.0,1.0,-4.5,-14.25,0.0,-0.09339775890111923,0.11428936570882797,1.0,1.0,19.0,19.0,0.0,1.0,18.0,3.0
