x,y,z,dyn_prop,id,rcs,vx,vy,vx_comp,vy_comp,is_quality_valid,ambig_state,x_rms,y_rms,invalid_state,pdh0,vx_rms,vy_rms
7.599999904632568,-0.10000000149011612,0.0,3.0,0.0,8.0,-0.25,0.0,0.20877264440059662,-0.002747008576989174,1.0,3.0,19.0,19.0,0.0,1.0,16.0,3.0
7.599999904632568,-2.0999999046325684,0.0,2.0,1.0,-1.0,-3.25,0.0,0.1547030210494995,-0.0427468866109848,1.0,1.0,19.0,19.0,0.0,1.0,16.0,3.0
43.400001525878906,-36.900001525878906,0.0,2.0,2.0,-1.0,-9.75,0.0,0.06785278767347336,-0.05769050121307373,1.0,1.0,21.0,21.0,4.0,3.0,17.0,3.0
7.599999904632568,-0.10000000149011612,0.0,3.0,3.0,16.5,-0.25,0.0,0.20877264440059662,-0.002747008576989174,1.0,3.0,20.0,19.0,0.0,1.0,16.0,3.0
15.199999809265137,-0.10000000149011612,0.0,4.0,4.0,4.0,0.0,0.0,0.384849488735199,-0.0025319044943898916,1.0,0.0,0.0,0.0,14.0,6.0,0.0,0.0
25.0,-5.099999904632568,0.0,4.0,5.0,-1.0,0.0,0.0,2.499709129333496,-0.5099406838417053,1.0,0.0,0.0,0.0,7.0,6.0,0.0,0.0
29.600000381469727,-6.099999904632568,0.0,4.0,6.0,-2.0,0.0,0.0,2.5200998783111572,-0.5193448662757874,1.0,0.0,0.0,0.0,7.0,6.0,0.0,0.0
44.400001525878906,-2.0999999046325684,0.0,3.0,7.0,-4.0,-0.5,0.25,0.329948753118515,-0.015605682507157326,1.0,3.0,21.0,19.0,4.0,3.0,16.0,3.0
99.4000015258789,-4.900000095367432,0.0,3.0,8.0,-1.5,-0.5,0.5,0.33949971199035645,-0.016735902056097984,1.0,3.0,21.0,23.0,4.0,3.0,16.0,3.0
