x,y,z,dyn_prop,id,rcs,vx,vy,vx_comp,vy_comp,is_quality_valid,ambig_state,x_rms,y_rms,invalid_state,pdh0,vx_rms,vy_rms
7.400000095367432,2.5,0.0,0.0,0.0,1.0,4.0,0.0,0.285065233707428,0.09630581736564636,1.0,1.0,19.0,19.0,0.0,1.0,16.0,3.0
9.600000381469727,2.700000047683716,0.0,0.0,1.0,12.5,3.25,0.0,0.22272489964962006,0.06264137476682663,1.0,1.0,19.0,19.0,0.0,1.0,16.0,3.0
7.400000095367432,9.300000190734863,0.0,0.0,2.0,5.0,15.25,0.0,0.24930879473686218,0.31332048773765564,1.0,1.0,19.0,20.0,0.0,1.0,19.0,3.0
12.0,2.5,0.0,0.0,3.0,3.5,2.5,0.0,0.34235015511512756,0.07132294774055481,1.0,1.0,19.0,19.0,0.0,1.0,16.0,3.0
13.0,17.100000381469727,0.0,0.0,4.0,4.5,15.75,0.0,0.16338610649108887,0.21491557359695435,1.0,1.0,19.0,19.0,0.0,1.0,18.0,3.0
45.599998474121094,-5.5,0.0,2.0,5.0,-4.5,-1.5,0.0,0.26404300332069397,-0.03184729069471359,1.0,1.0,19.0,19.0,4.0,3.0,16.0,3.0
9.800000190734863,-0.10000000149011612,0.0,1.0,6.0,-4.5,-0.25,0.0,0.20525921881198883,-0.0020944818388670683,1.0,3.0,22.0,19.0,0.0,3.0,16.0,3.0
9.800000190734863,-0.10000000149011612,0.0,1.0,7.0,2.0,0.0,0.0,0.4552331864833832,-0.0046452367678284645,1.0,3.0,21.0,19.0,0.0,3.0,16.0,3.0
