x,y,z,dyn_prop,id,rcs,vx,vy,vx_comp,vy_comp,is_quality_valid,ambig_state,x_rms,y_rms,invalid_state,pdh0,vx_rms,vy_rms
9.800000190734863,-0.10000000149011612,0.0,1.0,0.0,8.0,-0.25,0.0,0.20764125883579254,-0.002118788193911314,1.0,3.0,19.0,19.0,0.0,1.0,16.0,3.0
9.800000190734863,1.899999976158142,0.0,0.0,1.0,8.0,2.25,0.0,0.26382729411125183,0.05115019157528877,1.0,3.0,20.0,20.0,0.0,1.0,16.0,3.0
13.199999809265137,13.899999618530273,0.0,0.0,2.0,0.0,13.0,0.0,0.3685927391052246,0.3881393074989319,1.0,2.0,19.0,19.0,0.0,1.0,18.0,3.0
12.800000190734863,17.899999618530273,0.0,0.0,3.0,9.0,16.75,0.0,0.138014554977417,0.19300474226474762,1.0,1.0,19.0,19.0,0.0,1.0,18.0,3.0
9.800000190734863,-2.0999999046325684,0.0,4.0,4.0,-5.0,0.0,0.0,2.764634132385254,-0.5924215316772461,1.0,0.0,0.0,0.0,7.0,6.0,0.0,0.0
