x,y,z,dyn_prop,id,rcs,vx,vy,vx_comp,vy_comp,is_quality_valid,ambig_state,x_rms,y_rms,invalid_state,pdh0,vx_rms,vy_rms
4.199999809265137,6.5,0.0,6.0,0.0,-0.5,8.25,0.0,-0.024517346173524857,-0.037943512201309204,1.0,3.0,20.0,20.0,0.0,1.0,19.0,3.0
7.800000190734863,2.700000047683716,0.0,0.0,1.0,-2.5,3.5,-5.5,0.6501243710517883,0.22504304349422455,1.0,3.0,21.0,20.0,0.0,1.0,16.0,3.0
7.0,4.699999809265137,0.0,6.0,2.0,-0.5,3.0,0.0,0.0763905867934227,0.05129081755876541,1.0,3.0,19.0,19.0,0.0,1.0,17.0,3.0
9.0,-0.10000000149011612,0.0,6.0,3.0,-5.0,-1.25,0.0,0.10166508704423904,-0.0011296120937913656,1.0,3.0,19.0,19.0,0.0,1.0,16.0,3.0
9.800000190734863,-2.299999952316284,0.0,6.0,4.0,-3.5,-2.5,0.0,0.22829791903495789,-0.05358012020587921,1.0,3.0,19.0,19.0,0.0,1.0,16.0,3.0
10.199999809265137,-2.700000047683716,0.0,6.0,5.0,-3.5,-2.75,0.0,0.16573475301265717,-0.043870970606803894,1.0,3.0,19.0,19.0,0.0,1.0,16.0,3.0
10.399999618530273,-3.5,0.0,6.0,6.0,-5.0,-3.25,0.0,0.11108621954917908,-0.03738478571176529,1.0,3.0,20.0,19.0,0.0,1.0,16.0,3.0
25.600000381469727,46.29999923706055,0.0,4.0,7.0,15.5,0.0,0.0,-2.3307743072509766,-4.215423107147217,1.0,0.0,0.0,0.0,7.0,6.0,0.0,0.0
