x,y,z,dyn_prop,id,rcs,vx,vy,vx_comp,vy_comp,is_quality_valid,ambig_state,x_rms,y_rms,invalid_state,pdh0,vx_rms,vy_rms
9.0,4.300000190734863,0.0,0.0,0.0,0.0,44.5,0.0,31.85523796081543,15.219724655151367,1.0,2.0,19.0,19.0,0.0,1.0,17.0,3.0
9.600000381469727,4.5,0.0,0.0,1.0,7.0,5.5,0.0,0.19255474209785461,0.09026002138853073,1.0,1.0,19.0,19.0,16.0,1.0,16.0,3.0
9.800000190734863,4.300000190734863,0.0,0.0,2.0,2.5,5.0,0.0,0.07830958068370819,0.03436032682657242,1.0,1.0,19.0,19.0,0.0,1.0,16.0,3.0
7.599999904632568,16.899999618530273,0.0,4.0,3.0,-2.0,0.0,0.0,-4.416614532470703,-9.821155548095703,1.0,0.0,0.0,0.0,7.0,6.0,0.0,0.0
13.199999809265137,14.699999809265137,0.0,0.0,4.0,-1.0,13.75,0.0,0.3443596065044403,0.3834913969039917,1.0,3.0,19.0,19.0,10.0,3.0,18.0,3.0
