x,y,z,dyn_prop,id,rcs,vx,vy,vx_comp,vy_comp,is_quality_valid,ambig_state,x_rms,y_rms,invalid_state,pdh0,vx_rms,vy_rms
7.0,12.100000381469727,0.0,0.0,0.0,-2.5,20.5,0.0,0.02995014190673828,0.05177095904946327,1.0,1.0,19.0,19.0,0.0,1.0,20.0,3.0
13.0,19.700000762939453,0.0,0.0,1.0,0.0,18.25,0.0,0.12893253564834595,0.19538238644599915,1.0,1.0,20.0,20.0,0.0,1.0,20.0,3.0
