x,y,z,dyn_prop,id,rcs,vx,vy,vx_comp,vy_comp,is_quality_valid,ambig_state,x_rms,y_rms,invalid_state,pdh0,vx_rms,vy_rms
9.600000381469727,6.900000095367432,0.0,0.0,0.0,0.0,8.75,0.0,0.29206907749176025,0.20992465317249298,1.0,1.0,19.0,19.0,0.0,1.0,17.0,3.0
