x,y,z,dyn_prop,id,rcs,vx,vy,vx_comp,vy_comp,is_quality_valid,ambig_state,x_rms,y_rms,invalid_state,pdh0,vx_rms,vy_rms
9.600000381469727,11.300000190734863,0.0,0.0,0.0,2.5,14.5,0.0,0.23297740519046783,0.27423378825187683,1.0,1.0,19.0,19.0,10.0,3.0,18.0,3.0
