x,y,z,dyn_prop,id,rcs,vx,vy,vx_comp,vy_comp,is_quality_valid,ambig_state,x_rms,y_rms,invalid_state,pdh0,vx_rms,vy_rms
22.200000762939453,0.8999999761581421,0.0,3.0,0.0,-4.5,0.5,0.0,0.3518895208835602,0.014265790581703186,1.0,3.0,19.0,19.0,4.0,3.0,16.0,3.0
22.399999618530273,1.2999999523162842,0.0,0.0,1.0,-4.0,0.5,0.0,0.13968457281589508,0.008106693625450134,1.0,1.0,19.0,19.0,4.0,3.0,16.0,3.0
