x,y,z,dyn_prop,id,rcs,vx,vy,vx_comp,vy_comp,is_quality_valid,ambig_state,x_rms,y_rms,invalid_state,pdh0,vx_rms,vy_rms
3.799999952316284,2.0999999046325684,0.0,6.0,0.0,-4.5,2.25,0.0,0.03315141424536705,0.018320517614483833,1.0,3.0,19.0,19.0,0.0,1.0,16.0,3.0
4.199999809265137,6.900000095367432,0.0,6.0,1.0,12.5,8.5,0.0,-0.14931797981262207,-0.24530814588069916,1.0,3.0,19.0,20.0,0.0,1.0,19.0,3.0
9.399999618530273,-1.2999999523162842,0.0,6.0,2.0,-5.0,-2.0,0.0,0.1291961818933487,-0.01786755584180355,1.0,3.0,19.0,19.0,0.0,1.0,16.0,3.0
5.599999904632568,-12.300000190734863,0.0,4.0,3.0,2.0,0.0,0.0,2.584827184677124,-5.6773881912231445,1.0,0.0,0.0,0.0,7.0,6.0,0.0,0.0
12.199999809265137,17.100000381469727,0.0,1.0,4.0,-4.5,8.0,0.0,0.155940443277359,0.21857225894927979,1.0,1.0,20.0,21.0,4.0,3.0,19.0,3.0
8.600000381469727,0.5,0.0,5.0,5.0,-4.5,-0.5,-5.75,0.0637061595916748,0.003703846363350749,1.0,3.0,21.0,19.0,0.0,1.0,16.0,3.0
