x,y,z,dyn_prop,id,rcs,vx,vy,vx_comp,vy_comp,is_quality_valid,ambig_state,x_rms,y_rms,invalid_state,pdh0,vx_rms,vy_rms
10.0,14.300000190734863,0.0,0.0,0.0,-3.0,18.75,0.0,0.5579739809036255,0.7979028224945068,1.0,2.0,19.0,20.0,0.0,1.0,19.0,3.0
9.600000381469727,0.10000000149011612,0.0,1.0,1.0,-1.0,0.0,0.0,0.2240157574415207,0.0023334973957389593,1.0,3.0,21.0,19.0,0.0,3.0,16.0,3.0
