x,y,z,dyn_prop,id,rcs,vx,vy,vx_comp,vy_comp,is_quality_valid,ambig_state,x_rms,y_rms,invalid_state,pdh0,vx_rms,vy_rms
9.399999618530273,15.899999618530273,0.0,0.0,0.0,-1.0,20.75,0.0,0.14254935085773468,0.24112066626548767,1.0,1.0,20.0,20.0,0.0,1.0,21.0,3.0
