x,y,z,dyn_prop,id,rcs,vx,vy,vx_comp,vy_comp,is_quality_valid,ambig_state,x_rms,y_rms,invalid_state,pdh0,vx_rms,vy_rms
9.199999809265137,16.899999618530273,0.0,4.0,0.0,-1.5,0.0,0.0,-5.0313568115234375,-9.242383003234863,1.0,0.0,0.0,0.0,7.0,6.0,0.0,0.0
68.19999694824219,-14.899999618530273,0.0,2.0,1.0,-2.5,-2.75,0.0,0.23603250086307526,-0.05156721919775009,1.0,1.0,20.0,21.0,4.0,3.0,16.0,3.0
