x,y,z,dyn_prop,id,rcs,vx,vy,vx_comp,vy_comp,is_quality_valid,ambig_state,x_rms,y_rms,invalid_state,pdh0,vx_rms,vy_rms
8.600000381469727,-25.100000381469727,0.0,4.0,0.0,10.5,0.0,0.0,3.7892673015594482,-11.059370040893555,1.0,0.0,0.0,0.0,7.0,6.0,0.0,0.0
39.0,3.700000047683716,0.0,0.0,1.0,-2.5,1.0,0.0,0.20630986988544464,0.019572988152503967,1.0,1.0,19.0,19.0,4.0,3.0,16.0,3.0
