x,y,z,dyn_prop,id,rcs,vx,vy,vx_comp,vy_comp,is_quality_valid,ambig_state,x_rms,y_rms,invalid_state,pdh0,vx_rms,vy_rms
12.0,-18.299999237060547,0.0,2.0,0.0,-1.5,-11.75,0.0,0.14369824528694153,-0.21913979947566986,1.0,2.0,19.0,20.0,0.0,1.0,19.0,3.0
51.599998474121094,-18.899999618530273,0.0,0.0,1.0,-2.0,5.75,0.0,7.822582244873047,-2.865248203277588,1.0,1.0,21.0,21.0,4.0,3.0,16.0,3.0
