x,y,z,dyn_prop,id,rcs,vx,vy,vx_comp,vy_comp,is_quality_valid,ambig_state,x_rms,y_rms,invalid_state,pdh0,vx_rms,vy_rms
6.599999904632568,-0.5,0.0,1.0,0.0,3.5,-0.5,0.0,-0.010127250105142593,0.0007672160281799734,1.0,3.0,20.0,19.0,0.0,1.0,16.0,3.0
6.800000190734863,0.10000000149011612,0.0,1.0,1.0,5.5,0.25,0.0,0.01097886636853218,0.00016145392146427184,1.0,3.0,19.0,19.0,0.0,1.0,16.0,3.0
6.800000190734863,8.300000190734863,0.0,0.0,2.0,-4.0,10.0,0.0,0.018312985077500343,0.022352615371346474,1.0,1.0,19.0,19.0,10.0,3.0,18.0,3.0
11.800000190734863,-0.10000000149011612,0.0,1.0,3.0,4.5,0.25,0.0,0.1977241188287735,-0.0016756280092522502,1.0,3.0,19.0,19.0,0.0,1.0,16.0,3.0
13.399999618530273,0.699999988079071,0.0,1.0,4.0,-1.5,0.5,0.0,-0.0412960946559906,-0.0021572585683315992,1.0,3.0,19.0,19.0,0.0,1.0,16.0,3.0
7.400000095367432,13.699999809265137,0.0,4.0,5.0,0.0,0.0,0.0,-3.396101951599121,-6.287378311157227,1.0,0.0,0.0,0.0,7.0,6.0,0.0,0.0
12.399999618530273,-12.899999618530273,0.0,6.0,6.0,11.0,-8.5,0.0,-0.11478447169065475,0.1194128766655922,1.0,3.0,19.0,19.0,0.0,1.0,17.0,3.0
11.600000381469727,-17.100000381469727,0.0,6.0,7.0,7.0,-12.0,0.0,-0.07686861604452133,0.11331494152545929,1.0,3.0,19.0,19.0,0.0,1.0,19.0,3.0
11.600000381469727,19.299999237060547,0.0,0.0,8.0,-2.0,13.5,0.0,-0.0066749886609613895,-0.011105798184871674,1.0,1.0,20.0,21.0,0.0,1.0,20.0,3.0
10.600000381469727,-21.299999237060547,0.0,4.0,9.0,3.0,0.0,0.0,3.1896286010742188,-6.409347057342529,1.0,0.0,0.0,0.0,7.0,6.0,0.0,0.0
12.399999618530273,-23.899999618530273,0.0,4.0,10.0,7.0,0.0,0.0,3.267911434173584,-6.298635959625244,1.0,0.0,0.0,0.0,7.0,6.0,0.0,0.0
12.199999809265137,-26.899999618530273,0.0,4.0,11.0,9.5,0.0,0.0,3.0100221633911133,-6.636851787567139,1.0,0.0,0.0,0.0,7.0,6.0,0.0,0.0
6.800000190734863,0.10000000149011612,0.0,1.0,12.0,5.0,0.5,0.0,0.2609248161315918,0.0038371297996491194,1.0,3.0,20.0,19.0,0.0,1.0,16.0,3.0
