x,y,z,dyn_prop,id,rcs,vx,vy,vx_comp,vy_comp,is_quality_valid,ambig_state,x_rms,y_rms,invalid_state,pdh0,vx_rms,vy_rms
6.599999904632568,-0.10000000149011612,0.0,1.0,0.0,0.5,0.0,0.0,0.02318570390343666,-0.0003512985713314265,1.0,3.0,19.0,19.0,0.0,1.0,16.0,3.0
11.800000190734863,-0.10000000149011612,0.0,1.0,1.0,1.0,0.25,0.0,0.21949659287929535,-0.0018601405899971724,1.0,3.0,19.0,19.0,0.0,1.0,16.0,3.0
7.599999904632568,14.300000190734863,0.0,4.0,2.0,-1.5,0.0,0.0,-3.353363513946533,-6.30961799621582,1.0,0.0,0.0,0.0,7.0,6.0,0.0,0.0
12.199999809265137,-12.300000190734863,0.0,6.0,3.0,12.5,-8.25,0.0,-0.12066134065389633,0.12165037542581558,1.0,3.0,19.0,19.0,16.0,1.0,18.0,3.0
11.800000190734863,-16.100000381469727,0.0,6.0,4.0,-1.5,-11.25,0.0,-0.1326490193605423,0.18098722398281097,1.0,3.0,20.0,20.0,0.0,1.0,19.0,3.0
11.600000381469727,21.299999237060547,0.0,4.0,5.0,3.0,0.0,0.0,-3.3993172645568848,-6.241848945617676,1.0,0.0,0.0,0.0,7.0,6.0,0.0,0.0
11.800000190734863,-23.700000762939453,0.0,4.0,6.0,9.5,0.0,0.0,3.1880085468292236,-6.4030327796936035,1.0,0.0,0.0,0.0,7.0,6.0,0.0,0.0
40.400001525878906,2.0999999046325684,0.0,3.0,7.0,1.0,0.75,0.0,0.23286232352256775,0.01210422907024622,1.0,3.0,19.0,19.0,0.0,1.0,16.0,3.0
47.400001525878906,10.5,0.0,4.0,8.0,-0.5,0.0,0.0,-1.7915863990783691,-0.3968704044818878,1.0,0.0,0.0,0.0,7.0,6.0,0.0,0.0
