x,y,z,dyn_prop,id,rcs,vx,vy,vx_comp,vy_comp,is_quality_valid,ambig_state,x_rms,y_rms,invalid_state,pdh0,vx_rms,vy_rms
6.400000095367432,-0.10000000149011612,0.0,1.0,0.0,1.5,0.0,0.0,0.04500806704163551,-0.0007032510475255549,1.0,3.0,19.0,19.0,0.0,1.0,16.0,3.0
8.199999809265137,5.5,0.0,6.0,1.0,-3.5,5.5,0.0,-0.10638328641653061,-0.07135464996099472,1.0,3.0,19.0,19.0,0.0,1.0,17.0,3.0
10.600000381469727,8.300000190734863,0.0,6.0,2.0,-4.5,6.5,0.0,-0.053706664592027664,-0.042053330689668655,1.0,3.0,20.0,19.0,0.0,1.0,17.0,3.0
6.400000095367432,-11.899999618530273,0.0,4.0,3.0,5.0,0.0,0.0,3.4448986053466797,-6.40535831451416,1.0,0.0,0.0,0.0,7.0,6.0,0.0,0.0
10.800000190734863,9.699999809265137,0.0,6.0,4.0,-2.0,7.5,0.0,-0.023594511672854424,-0.021191366016864777,1.0,3.0,19.0,19.0,0.0,1.0,17.0,3.0
10.600000381469727,11.699999809265137,0.0,6.0,5.0,13.5,9.25,0.0,-3.038546310563106e-05,-3.353866850375198e-05,1.0,3.0,19.0,19.0,0.0,1.0,17.0,3.0
11.199999809265137,12.899999618530273,0.0,6.0,6.0,-2.0,10.25,0.0,0.25842592120170593,0.2976512908935547,1.0,3.0,19.0,19.0,10.0,3.0,18.0,3.0
10.800000190734863,14.300000190734863,0.0,6.0,7.0,7.0,11.25,0.0,0.06197788566350937,0.08206330239772797,1.0,3.0,19.0,19.0,0.0,1.0,18.0,3.0
10.800000190734863,17.5,0.0,0.0,8.0,0.0,14.0,0.0,0.12695710361003876,0.2057175487279892,1.0,1.0,20.0,20.0,16.0,1.0,20.0,3.0
41.599998474121094,-0.8999999761581421,0.0,3.0,9.0,-2.0,0.0,-0.25,0.1002824679017067,-0.0021695727482438087,1.0,3.0,19.0,19.0,4.0,3.0,16.0,3.0
6.400000095367432,-0.10000000149011612,0.0,1.0,10.0,0.5,0.0,0.0,0.04500806704163551,-0.0007032510475255549,1.0,3.0,21.0,19.0,0.0,1.0,16.0,3.0
41.0,9.100000381469727,0.0,4.0,11.0,-1.5,0.0,0.0,-1.8372232913970947,-0.4077739715576172,1.0,0.0,0.0,0.0,7.0,6.0,0.0,0.0
