x,y,z,dyn_prop,id,rcs,vx,vy,vx_comp,vy_comp,is_quality_valid,ambig_state,x_rms,y_rms,invalid_state,pdh0,vx_rms,vy_rms
11.0,-0.30000001192092896,0.0,5.0,0.0,9.5,0.0,0.5,0.05069735273718834,-0.0013826551148667932,1.0,3.0,19.0,19.0,0.0,1.0,16.0,3.0
10.199999809265137,-4.699999809265137,0.0,0.0,1.0,1.5,1.5,0.0,4.137147903442383,-1.9063329696655273,1.0,1.0,20.0,19.0,0.0,1.0,16.0,3.0
13.0,11.5,0.0,6.0,2.0,-0.5,6.75,0.5,-0.0016043473733589053,-0.0014192302478477359,1.0,3.0,19.0,19.0,0.0,1.0,17.0,3.0
10.199999809265137,-14.899999618530273,0.0,6.0,3.0,-5.0,-10.5,0.5,0.07854847609996796,-0.11474237591028214,1.0,3.0,20.0,20.0,4.0,3.0,19.0,3.0
11.600000381469727,15.5,0.0,6.0,4.0,3.0,10.25,0.5,0.045887261629104614,0.06131486967206001,1.0,3.0,19.0,19.0,0.0,1.0,18.0,3.0
9.800000190734863,-17.100000381469727,0.0,2.0,5.0,5.0,-13.0,0.0,0.1825568974018097,-0.3185431659221649,1.0,2.0,19.0,19.0,0.0,1.0,19.0,3.0
7.199999809265137,19.5,0.0,4.0,6.0,7.5,0.0,0.0,-2.6051108837127686,-7.0555100440979,1.0,0.0,0.0,0.0,7.0,6.0,0.0,0.0
12.800000190734863,18.100000381469727,0.0,6.0,7.0,20.5,11.5,0.0,0.029972421005368233,0.042382873594760895,1.0,3.0,19.0,19.0,0.0,1.0,18.0,3.0
12.199999809265137,22.899999618530273,0.0,4.0,8.0,0.5,0.0,0.0,-3.3373613357543945,-6.26439094543457,1.0,0.0,0.0,0.0,7.0,6.0,0.0,0.0
17.799999237060547,-28.100000381469727,0.0,0.0,9.0,2.0,14.0,0.0,7.5640974044799805,-11.94107437133789,1.0,1.0,21.0,20.0,0.0,1.0,20.0,3.0
13.199999809265137,30.700000762939453,0.0,4.0,10.0,8.0,0.0,0.0,-2.912726640701294,-6.774296283721924,1.0,0.0,0.0,0.0,7.0,6.0,0.0,0.0
12.800000190734863,36.099998474121094,0.0,4.0,11.0,19.5,0.0,0.0,-2.5245521068573,-7.120025157928467,1.0,0.0,0.0,0.0,7.0,6.0,0.0,0.0
11.199999809265137,-0.30000001192092896,0.0,5.0,12.0,8.5,0.0,0.5,0.04706769064068794,-0.0012607418466359377,1.0,3.0,21.0,19.0,0.0,1.0,16.0,3.0
