x,y,z,dyn_prop,id,rcs,vx,vy,vx_comp,vy_comp,is_quality_valid,ambig_state,x_rms,y_rms,invalid_state,pdh0,vx_rms,vy_rms
11.199999809265137,-0.10000000149011612,0.0,5.0,0.0,4.5,0.25,0.0,0.22895337641239166,-0.002044226508587599,1.0,3.0,19.0,19.0,0.0,1.0,16.0,3.0
11.399999618530273,10.300000190734863,0.0,0.0,1.0,1.5,7.75,0.0,0.07617306709289551,0.06882303953170776,1.0,1.0,19.0,19.0,0.0,1.0,17.0,3.0
12.600000381469727,13.300000190734863,0.0,6.0,2.0,4.0,9.0,0.0,0.05840035155415535,0.061644818633794785,1.0,3.0,19.0,19.0,0.0,1.0,18.0,3.0
13.199999809265137,15.5,0.0,6.0,3.0,6.5,10.5,0.0,0.26740145683288574,0.3139941692352295,1.0,3.0,19.0,19.0,10.0,3.0,18.0,3.0
9.0,-18.100000381469727,0.0,4.0,4.0,5.5,0.0,0.0,3.2976531982421875,-6.631947994232178,1.0,0.0,0.0,0.0,7.0,6.0,0.0,0.0
10.800000190734863,-18.5,0.0,2.0,5.0,7.0,-14.25,0.0,-0.02416599728167057,0.04139545559883118,1.0,1.0,20.0,20.0,0.0,1.0,20.0,3.0
12.800000190734863,17.899999618530273,0.0,6.0,6.0,14.0,11.75,0.0,0.007111004088073969,0.009944295510649681,1.0,3.0,19.0,19.0,0.0,1.0,18.0,3.0
10.0,-20.5,0.0,4.0,7.0,7.5,0.0,0.0,3.2597320079803467,-6.682450294494629,1.0,0.0,0.0,0.0,7.0,6.0,0.0,0.0
19.200000762939453,17.299999237060547,0.0,0.0,8.0,0.5,8.0,0.0,0.22566692531108856,0.20333528518676758,1.0,2.0,19.0,19.0,0.0,1.0,17.0,3.0
12.399999618530273,24.299999237060547,0.0,4.0,9.0,8.0,0.0,0.0,-3.38777494430542,-6.638946056365967,1.0,0.0,0.0,0.0,7.0,6.0,0.0,0.0
11.800000190734863,27.299999237060547,0.0,4.0,10.0,10.0,0.0,0.0,-3.0447475910186768,-7.044203758239746,1.0,0.0,0.0,0.0,7.0,6.0,0.0,0.0
24.200000762939453,-26.100000381469727,0.0,2.0,11.0,0.0,-9.0,0.0,-0.056907717138528824,0.061375685036182404,1.0,1.0,20.0,20.0,0.0,1.0,18.0,3.0
65.5999984741211,-4.699999809265137,0.0,3.0,12.0,-2.0,-0.25,0.5,0.2138034701347351,-0.015318237245082855,1.0,3.0,19.0,20.0,4.0,3.0,16.0,3.0
11.199999809265137,-0.10000000149011612,0.0,5.0,13.0,3.0,0.0,0.0,-0.021026697009801865,0.00018773837655317038,1.0,3.0,21.0,19.0,0.0,1.0,16.0,3.0
