x,y,z,dyn_prop,id,rcs,vx,vy,vx_comp,vy_comp,is_quality_valid,ambig_state,x_rms,y_rms,invalid_state,pdh0,vx_rms,vy_rms
6.400000095367432,-0.30000001192092896,0.0,1.0,0.0,-1.5,-0.25,0.0,0.05582711845636368,-0.0026168960612267256,1.0,3.0,19.0,19.0,0.0,1.0,16.0,3.0
6.400000095367432,0.10000000149011612,0.0,1.0,1.0,3.0,0.25,0.0,0.03442097827792168,0.0005378277855925262,1.0,3.0,19.0,19.0,0.0,1.0,16.0,3.0
6.0,-7.900000095367432,0.0,2.0,2.0,-2.5,-10.25,0.0,0.2383316606283188,-0.31380337476730347,1.0,3.0,20.0,20.0,10.0,3.0,18.0,3.0
6.199999809265137,-10.699999809265137,0.0,2.0,3.0,11.0,-14.5,0.0,-0.04637474939227104,0.08003384619951248,1.0,1.0,19.0,19.0,0.0,1.0,20.0,3.0
10.800000190734863,9.5,0.0,6.0,4.0,1.0,7.5,0.0,0.04222262278199196,0.03714027255773544,1.0,3.0,19.0,19.0,0.0,1.0,17.0,3.0
6.0,-13.300000190734863,0.0,4.0,5.0,1.0,0.0,0.0,3.1133933067321777,-6.901356220245361,1.0,0.0,0.0,0.0,7.0,6.0,0.0,0.0
10.600000381469727,13.100000381469727,0.0,6.0,6.0,9.5,10.5,0.0,0.0405496247112751,0.05011320859193802,1.0,3.0,19.0,19.0,10.0,3.0,18.0,3.0
10.800000190734863,14.5,0.0,6.0,7.0,0.5,11.25,0.0,-0.013638114556670189,-0.018310433253645897,1.0,3.0,19.0,19.0,0.0,1.0,18.0,3.0
10.800000190734863,15.699999809265137,0.0,6.0,8.0,7.5,12.25,0.0,0.011123891919851303,0.016170844435691833,1.0,3.0,20.0,20.0,0.0,1.0,19.0,3.0
11.199999809265137,19.899999618530273,0.0,4.0,9.0,0.0,0.0,0.0,-3.58705472946167,-6.373427391052246,1.0,0.0,0.0,0.0,7.0,6.0,0.0,0.0
41.599998474121094,-0.10000000149011612,0.0,1.0,10.0,6.5,0.25,-0.25,0.18546783924102783,-0.00044583616545423865,1.0,3.0,19.0,19.0,0.0,1.0,16.0,3.0
6.599999904632568,-0.10000000149011612,0.0,1.0,11.0,4.5,0.0,0.0,0.041229210793972015,-0.0006246850243769586,1.0,3.0,20.0,19.0,0.0,1.0,16.0,3.0
6.599999904632568,-0.10000000149011612,0.0,1.0,12.0,4.0,0.0,0.0,0.041229210793972015,-0.0006246850243769586,1.0,3.0,21.0,19.0,0.0,1.0,16.0,3.0
12.600000381469727,0.5,0.0,3.0,13.0,-5.0,0.25,0.0,-0.16605305671691895,-0.006589407101273537,1.0,3.0,21.0,19.0,0.0,1.0,16.0,3.0
41.79999923706055,0.10000000149011612,0.0,1.0,14.0,-3.0,0.25,-0.25,0.1442480832338333,0.0003450911317486316,1.0,3.0,21.0,20.0,4.0,3.0,16.0,3.0
