x,y,z,dyn_prop,id,rcs,vx,vy,vx_comp,vy_comp,is_quality_valid,ambig_state,x_rms,y_rms,invalid_state,pdh0,vx_rms,vy_rms
6.599999904632568,0.5,0.0,1.0,0.0,2.0,1.0,0.0,0.28149881958961487,0.021325668320059776,1.0,3.0,19.0,19.0,0.0,1.0,16.0,3.0
6.400000095367432,1.100000023841858,0.0,6.0,1.0,0.5,1.25,0.0,-0.26594847440719604,-0.045709893107414246,1.0,3.0,20.0,19.0,0.0,1.0,16.0,3.0
10.399999618530273,-0.30000001192092896,0.0,3.0,2.0,5.0,0.0,0.0,0.16114342212677002,-0.004648368339985609,1.0,3.0,19.0,19.0,0.0,1.0,16.0,3.0
10.600000381469727,0.10000000149011612,0.0,3.0,3.0,6.5,0.25,0.0,0.08990250527858734,0.0008481369004584849,1.0,3.0,19.0,19.0,0.0,1.0,16.0,3.0
9.0,6.699999809265137,0.0,0.0,4.0,1.5,6.5,0.0,0.10899148136377335,0.08113809674978256,1.0,1.0,19.0,19.0,0.0,1.0,17.0,3.0
8.199999809265137,8.300000190734863,0.0,0.0,5.0,-2.5,8.5,0.0,-0.03873024880886078,-0.03920256346464157,1.0,1.0,19.0,19.0,0.0,1.0,17.0,3.0
6.400000095367432,-10.100000381469727,0.0,6.0,6.0,-2.0,-13.5,0.0,-0.09520409256219864,0.15024396777153015,1.0,3.0,20.0,20.0,0.0,1.0,20.0,3.0
5.800000190734863,-11.5,0.0,4.0,7.0,1.0,0.0,0.0,3.3590619564056396,-6.660208225250244,1.0,0.0,0.0,0.0,7.0,6.0,0.0,0.0
10.800000190734863,14.899999618530273,0.0,6.0,8.0,14.5,11.75,0.0,0.029939619824290276,0.04130558297038078,1.0,3.0,19.0,19.0,0.0,1.0,18.0,3.0
10.800000190734863,17.5,0.0,6.0,9.0,13.5,13.75,0.0,0.018168553709983826,0.029439786449074745,1.0,3.0,19.0,19.0,0.0,1.0,19.0,3.0
11.199999809265137,20.700000762939453,0.0,4.0,10.0,-1.0,0.0,0.0,-3.531992197036743,-6.5278778076171875,1.0,0.0,0.0,0.0,7.0,6.0,0.0,0.0
10.399999618530273,-0.30000001192092896,0.0,3.0,11.0,9.5,0.0,0.0,0.16114342212677002,-0.004648368339985609,1.0,3.0,20.0,19.0,0.0,1.0,16.0,3.0
10.600000381469727,0.5,0.0,3.0,12.0,2.0,0.5,0.0,0.023061469197273254,0.0010878051398321986,1.0,3.0,21.0,19.0,0.0,1.0,16.0,3.0
