x,y,z,dyn_prop,id,rcs,vx,vy,vx_comp,vy_comp,is_quality_valid,ambig_state,x_rms,y_rms,invalid_state,pdh0,vx_rms,vy_rms
7.0,6.5,0.0,6.0,0.0,-5.0,7.75,0.0,-0.01063439343124628,-0.009874793700873852,1.0,3.0,19.0,19.0,0.0,1.0,17.0,3.0
8.0,6.099999904632568,0.0,6.0,1.0,8.0,6.5,0.0,0.06581520289182663,0.050184089690446854,1.0,3.0,19.0,19.0,0.0,1.0,17.0,3.0
8.0,6.5,0.0,6.0,2.0,9.0,6.75,0.0,-0.03587748110294342,-0.029150452464818954,1.0,3.0,19.0,19.0,0.0,1.0,17.0,3.0
8.800000190734863,6.300000190734863,0.0,0.0,3.0,-3.5,6.25,0.0,0.15835751593112946,0.11336958408355713,1.0,1.0,20.0,20.0,11.0,3.0,17.0,3.0
10.800000190734863,6.300000190734863,0.0,0.0,4.0,-1.0,5.0,0.0,0.06438906490802765,0.03756028786301613,1.0,1.0,19.0,19.0,0.0,1.0,17.0,3.0
7.199999809265137,18.5,0.0,4.0,5.0,7.0,0.0,0.0,-2.8077316284179688,-7.214310646057129,1.0,0.0,0.0,0.0,7.0,6.0,0.0,0.0
47.20000076293945,-1.5,0.0,1.0,6.0,0.0,0.0,-0.5,0.19073471426963806,-0.006061484571546316,1.0,3.0,19.0,19.0,0.0,1.0,16.0,3.0
