x,y,z,dyn_prop,id,rcs,vx,vy,vx_comp,vy_comp,is_quality_valid,ambig_state,x_rms,y_rms,invalid_state,pdh0,vx_rms,vy_rms
6.400000095367432,6.900000095367432,0.0,6.0,0.0,-3.0,9.25,0.0,0.11085067689418793,0.11951088905334473,1.0,3.0,20.0,20.0,16.0,1.0,18.0,3.0
7.800000190734863,6.699999809265137,0.0,6.0,1.0,8.5,7.0,0.0,-0.11251833289861679,-0.09665035456418991,1.0,3.0,19.0,19.0,0.0,1.0,17.0,3.0
10.399999618530273,-1.100000023841858,0.0,6.0,2.0,-3.5,-1.25,0.0,-0.451552152633667,0.04776033014059067,1.0,3.0,19.0,19.0,0.0,1.0,16.0,3.0
11.0,6.900000095367432,0.0,0.0,3.0,-2.5,5.5,0.0,0.16014449298381805,0.10045427083969116,1.0,2.0,19.0,19.0,0.0,1.0,17.0,3.0
6.599999904632568,-14.899999618530273,0.0,4.0,4.0,-2.0,0.0,0.0,3.0528688430786133,-6.892083168029785,1.0,0.0,0.0,0.0,7.0,6.0,0.0,0.0
37.0,-6.699999809265137,0.0,2.0,5.0,-2.5,-1.25,0.0,0.16174159944057465,-0.029288342222571373,1.0,1.0,19.0,19.0,4.0,3.0,16.0,3.0
38.20000076293945,-7.300000190734863,0.0,2.0,6.0,-4.0,-1.5,0.0,6.326016318780603e-06,-1.208898424920335e-06,1.0,1.0,19.0,19.0,4.0,3.0,16.0,3.0
10.399999618530273,-0.30000001192092896,0.0,5.0,7.0,5.5,-0.25,0.0,-0.0935174971818924,0.0026976203080266714,1.0,3.0,21.0,19.0,0.0,1.0,16.0,3.0
