x,y,z,dyn_prop,id,rcs,vx,vy,vx_comp,vy_comp,is_quality_valid,ambig_state,x_rms,y_rms,invalid_state,pdh0,vx_rms,vy_rms
10.399999618530273,-0.30000001192092896,0.0,1.0,0.0,-3.5,-0.25,0.0,-0.09314323216676712,0.002686824183911085,1.0,3.0,19.0,19.0,0.0,1.0,16.0,3.0
8.0,10.699999809265137,0.0,6.0,1.0,7.0,11.25,0.0,0.013990991748869419,0.018712952733039856,1.0,3.0,19.0,19.0,0.0,1.0,18.0,3.0
8.800000190734863,10.300000190734863,0.0,6.0,2.0,-4.5,10.5,0.0,0.28642138838768005,0.33524322509765625,1.0,3.0,19.0,20.0,10.0,3.0,18.0,3.0
10.800000190734863,-16.5,0.0,2.0,3.0,-2.5,-12.25,0.0,0.11326184868812561,-0.17303892970085144,1.0,2.0,19.0,20.0,0.0,1.0,19.0,3.0
45.79999923706055,-1.899999976158142,0.0,1.0,4.0,2.5,-0.25,-0.25,0.022262755781412125,-0.0009235640754923224,1.0,3.0,19.0,19.0,0.0,1.0,16.0,3.0
46.599998474121094,29.899999618530273,0.0,0.0,5.0,-1.5,5.5,0.0,0.05562669411301613,0.03569180518388748,1.0,2.0,20.0,20.0,4.0,3.0,17.0,3.0
48.20000076293945,30.899999618530273,0.0,0.0,6.0,0.0,5.75,0.0,0.23609143495559692,0.15135321021080017,1.0,1.0,21.0,21.0,4.0,3.0,17.0,3.0
