x,y,z,dyn_prop,id,rcs,vx,vy,vx_comp,vy_comp,is_quality_valid,ambig_state,x_rms,y_rms,invalid_state,pdh0,vx_rms,vy_rms
6.599999904632568,0.10000000149011612,0.0,5.0,0.0,1.0,0.25,0.0,0.040769655257463455,0.0006177220493555069,1.0,3.0,19.0,19.0,0.0,1.0,16.0,3.0
10.600000381469727,1.5,0.0,0.0,1.0,-4.0,1.25,0.0,-0.011601906269788742,-0.0016417790902778506,1.0,2.0,19.0,19.0,0.0,1.0,16.0,3.0
8.0,11.5,0.0,6.0,2.0,10.5,12.0,0.0,-0.01890367455780506,-0.027174033224582672,1.0,3.0,19.0,19.0,0.0,1.0,18.0,3.0
6.400000095367432,13.100000381469727,0.0,4.0,3.0,-3.0,0.0,0.0,-3.301600933074951,-6.757964134216309,1.0,0.0,0.0,0.0,7.0,6.0,0.0,0.0
6.599999904632568,-0.10000000149011612,0.0,5.0,4.0,12.5,0.0,0.0,0.04320573806762695,-0.0006546324002556503,1.0,3.0,21.0,19.0,8.0,6.0,16.0,3.0
6.599999904632568,0.10000000149011612,0.0,1.0,5.0,7.0,0.25,0.0,0.040769655257463455,0.0006177220493555069,1.0,3.0,21.0,19.0,8.0,6.0,16.0,3.0
