x,y,z,dyn_prop,id,rcs,vx,vy,vx_comp,vy_comp,is_quality_valid,ambig_state,x_rms,y_rms,invalid_state,pdh0,vx_rms,vy_rms
6.599999904632568,0.10000000149011612,0.0,5.0,0.0,0.0,0.25,0.0,0.04036201909184456,0.0006115457508713007,1.0,3.0,19.0,19.0,0.0,1.0,16.0,3.0
7.199999809265137,13.5,0.0,4.0,1.0,2.5,0.0,0.0,-3.480968713760376,-6.5268168449401855,1.0,0.0,0.0,0.0,7.0,6.0,0.0,0.0
8.0,13.699999809265137,0.0,6.0,2.0,7.0,14.25,0.0,-0.028905672952532768,-0.0495009645819664,1.0,3.0,19.0,19.0,0.0,1.0,19.0,3.0
6.199999809265137,-14.899999618530273,0.0,4.0,3.0,9.0,0.0,0.0,2.9454705715179443,-7.078630447387695,1.0,0.0,0.0,0.0,7.0,6.0,0.0,0.0
7.599999904632568,17.299999237060547,0.0,4.0,4.0,-3.5,0.0,0.0,-3.084192991256714,-7.020596981048584,1.0,0.0,0.0,0.0,7.0,6.0,0.0,0.0
13.800000190734863,21.899999618530273,0.0,2.0,5.0,2.0,-14.25,0.0,-7.834963798522949,-12.433747291564941,1.0,1.0,20.0,20.0,16.0,1.0,20.0,3.0
47.599998474121094,32.70000076293945,0.0,0.0,6.0,-4.0,6.0,0.0,0.12778614461421967,0.08778586238622665,1.0,1.0,21.0,21.0,4.0,3.0,17.0,3.0
