x,y,z,dyn_prop,id,rcs,vx,vy,vx_comp,vy_comp,is_quality_valid,ambig_state,x_rms,y_rms,invalid_state,pdh0,vx_rms,vy_rms
6.800000190734863,-0.30000001192092896,0.0,1.0,0.0,-4.5,-0.25,0.0,0.018878785893321037,-0.0008328876574523747,1.0,3.0,20.0,19.0,0.0,1.0,16.0,3.0
6.800000190734863,2.0999999046325684,0.0,6.0,1.0,-4.0,3.0,0.0,0.30333593487739563,0.09367726743221283,1.0,3.0,19.0,19.0,0.0,1.0,16.0,3.0
11.199999809265137,10.100000381469727,0.0,0.0,2.0,-3.5,8.0,0.0,0.2197846919298172,0.19819870591163635,1.0,3.0,20.0,21.0,0.0,1.0,17.0,3.0
15.199999809265137,16.100000381469727,0.0,0.0,3.0,5.0,9.25,0.0,0.15960143506526947,0.16905152797698975,1.0,1.0,19.0,19.0,0.0,1.0,18.0,3.0
8.0,20.700000762939453,0.0,4.0,4.0,1.5,0.0,0.0,-2.8105320930480957,-7.272252082824707,1.0,0.0,0.0,0.0,7.0,6.0,0.0,0.0
12.199999809265137,-36.099998474121094,0.0,4.0,5.0,21.0,0.0,0.0,2.5136239528656006,-7.437854766845703,1.0,0.0,0.0,0.0,7.0,6.0,0.0,0.0
