x,y,z,dyn_prop,id,rcs,vx,vy,vx_comp,vy_comp,is_quality_valid,ambig_state,x_rms,y_rms,invalid_state,pdh0,vx_rms,vy_rms
11.600000381469727,-0.5,0.0,1.0,0.0,0.0,-0.25,0.0,-0.02263503707945347,0.0009756479994393885,1.0,3.0,19.0,19.0,0.0,1.0,16.0,3.0
11.199999809265137,-15.899999618530273,0.0,2.0,1.0,0.0,-11.75,0.0,-0.0002888203598558903,0.00041002174839377403,1.0,1.0,19.0,19.0,0.0,1.0,19.0,3.0
10.800000190734863,17.899999618530273,0.0,6.0,2.0,-1.0,14.0,0.0,-0.0016451559495180845,-0.002726693172007799,1.0,3.0,20.0,20.0,0.0,1.0,20.0,3.0
10.800000190734863,-18.5,0.0,2.0,3.0,0.5,-14.25,0.0,-0.01162765733897686,0.019917745143175125,1.0,1.0,20.0,20.0,0.0,1.0,20.0,3.0
11.199999809265137,-19.299999237060547,0.0,2.0,4.0,-2.5,-14.5,0.0,-0.05288885161280632,0.0911388173699379,1.0,1.0,20.0,20.0,11.0,3.0,20.0,3.0
8.199999809265137,21.299999237060547,0.0,4.0,5.0,0.5,0.0,0.0,-2.823603630065918,-7.334481239318848,1.0,0.0,0.0,0.0,7.0,6.0,0.0,0.0
11.600000381469727,-25.700000762939453,0.0,4.0,6.0,4.0,0.0,0.0,3.115959405899048,-6.90346097946167,1.0,0.0,0.0,0.0,7.0,6.0,0.0,0.0
