x,y,z,dyn_prop,id,rcs,vx,vy,vx_comp,vy_comp,is_quality_valid,ambig_state,x_rms,y_rms,invalid_state,pdh0,vx_rms,vy_rms
11.600000381469727,-0.30000001192092896,0.0,1.0,0.0,-2.5,0.0,0.0,0.07524105161428452,-0.0019458894385024905,1.0,3.0,19.0,19.0,0.0,1.0,16.0,3.0
6.400000095367432,-14.899999618530273,0.0,4.0,1.0,0.0,0.0,0.0,3.0141119956970215,-7.017230033874512,1.0,0.0,0.0,0.0,7.0,6.0,0.0,0.0
8.199999809265137,14.899999618530273,0.0,4.0,2.0,-3.5,0.0,0.0,-3.5694210529327393,-6.485898971557617,1.0,0.0,0.0,0.0,7.0,6.0,0.0,0.0
10.800000190734863,-15.300000190734863,0.0,2.0,3.0,-3.5,-11.5,0.0,0.07312116026878357,-0.10358831286430359,1.0,2.0,19.0,19.0,0.0,1.0,18.0,3.0
10.399999618530273,-17.700000762939453,0.0,2.0,4.0,-0.5,-13.5,0.0,0.1560862511396408,-0.2656468451023102,1.0,2.0,19.0,19.0,0.0,1.0,19.0,3.0
10.600000381469727,-18.5,0.0,2.0,5.0,-5.0,-14.0,0.0,0.11646734178066254,-0.20326849818229675,1.0,2.0,20.0,20.0,11.0,3.0,19.0,3.0
10.600000381469727,-20.299999237060547,0.0,4.0,6.0,-2.0,0.0,0.0,3.404968023300171,-6.5208353996276855,1.0,0.0,0.0,0.0,7.0,6.0,0.0,0.0
8.399999618530273,21.899999618530273,0.0,4.0,7.0,2.0,0.0,0.0,-2.817638635635376,-7.345985412597656,1.0,0.0,0.0,0.0,7.0,6.0,0.0,0.0
31.399999618530273,1.2999999523162842,0.0,0.0,8.0,-3.5,1.25,0.0,0.7608215808868408,0.031498983502388,1.0,1.0,20.0,20.0,4.0,3.0,16.0,3.0
31.600000381469727,0.10000000149011612,0.0,3.0,9.0,-5.0,0.25,0.0,0.08226368576288223,0.00026032811729237437,1.0,3.0,21.0,20.0,4.0,3.0,16.0,3.0
31.399999618530273,1.7000000476837158,0.0,0.0,10.0,-2.5,1.5,0.0,0.9028226733207703,0.04887893423438072,1.0,1.0,20.0,19.0,4.0,3.0,16.0,3.0
11.399999618530273,-30.700000762939453,0.0,4.0,11.0,17.5,0.0,0.0,2.715155839920044,-7.311868190765381,1.0,0.0,0.0,0.0,7.0,6.0,0.0,0.0
