x,y,z,dyn_prop,id,rcs,vx,vy,vx_comp,vy_comp,is_quality_valid,ambig_state,x_rms,y_rms,invalid_state,pdh0,vx_rms,vy_rms
5.800000190734863,-0.10000000149011612,0.0,1.0,0.0,8.0,0.0,0.0,0.003837401745840907,-6.616210157517344e-05,1.0,3.0,19.0,19.0,0.0,1.0,16.0,3.0
5.800000190734863,0.10000000149011612,0.0,1.0,1.0,4.0,0.25,0.0,-0.021918967366218567,-0.00037791323848068714,1.0,3.0,20.0,19.0,0.0,1.0,16.0,3.0
11.600000381469727,-0.30000001192092896,0.0,5.0,2.0,-1.5,0.0,0.25,0.06626971811056137,-0.0017138720722869039,1.0,3.0,19.0,19.0,0.0,1.0,16.0,3.0
11.199999809265137,-6.699999809265137,0.0,6.0,3.0,-4.5,-4.75,0.25,-0.1838066577911377,0.10995575785636902,1.0,3.0,19.0,19.0,0.0,1.0,17.0,3.0
14.800000190734863,-0.5,0.0,3.0,4.0,-4.5,0.0,0.25,0.12753921747207642,-0.004308756906539202,1.0,3.0,19.0,19.0,0.0,1.0,16.0,3.0
12.0,11.5,0.0,0.0,5.0,3.0,8.25,0.0,0.23562045395374298,0.22580291330814362,1.0,1.0,19.0,19.0,0.0,1.0,17.0,3.0
12.199999809265137,-16.700000762939453,0.0,2.0,6.0,-2.5,-11.0,0.0,-0.06511180102825165,0.08912844210863113,1.0,1.0,20.0,20.0,0.0,1.0,19.0,3.0
11.399999618530273,-22.700000762939453,0.0,4.0,7.0,4.0,0.0,0.0,3.180292844772339,-6.332688808441162,1.0,0.0,0.0,0.0,7.0,6.0,0.0,0.0
11.800000190734863,-36.099998474121094,0.0,4.0,8.0,17.5,0.0,0.0,2.348756790161133,-7.185604572296143,1.0,0.0,0.0,0.0,7.0,6.0,0.0,0.0
38.599998474121094,-1.100000023841858,0.0,3.0,9.0,-3.5,0.0,0.5,0.07954148203134537,-0.0022667262237519026,1.0,3.0,19.0,19.0,4.0,3.0,16.0,3.0
5.800000190734863,-0.10000000149011612,0.0,1.0,10.0,1.0,0.0,0.0,0.003837401745840907,-6.616210157517344e-05,1.0,3.0,21.0,19.0,0.0,1.0,16.0,3.0
6.199999809265137,-0.10000000149011612,0.0,1.0,11.0,2.5,0.25,0.0,0.24487923085689545,-0.0039496649987995625,1.0,3.0,21.0,19.0,8.0,6.0,16.0,3.0
17.0,3.9000000953674316,0.0,4.0,12.0,-0.5,0.0,0.0,-1.8702542781829834,-0.429058313369751,1.0,0.0,0.0,0.0,7.0,6.0,0.0,0.0
