x,y,z,dyn_prop,id,rcs,vx,vy,vx_comp,vy_comp,is_quality_valid,ambig_state,x_rms,y_rms,invalid_state,pdh0,vx_rms,vy_rms
5.800000190734863,-0.10000000149011612,0.0,1.0,0.0,7.5,0.0,0.25,-0.00604314124211669,0.0001041920913849026,1.0,3.0,19.0,19.0,0.0,1.0,16.0,3.0
11.600000381469727,-0.30000001192092896,0.0,5.0,1.0,5.0,0.0,0.25,0.06025610864162445,-0.0015583477215841413,1.0,3.0,19.0,19.0,0.0,1.0,16.0,3.0
12.199999809265137,12.5,0.0,0.0,2.0,7.5,8.75,0.0,0.22943587601184845,0.23507773876190186,1.0,3.0,20.0,21.0,0.0,1.0,18.0,3.0
10.199999809265137,15.100000381469727,0.0,2.0,3.0,1.5,-13.25,0.0,-7.880571365356445,-11.666337013244629,1.0,1.0,20.0,20.0,0.0,1.0,19.0,3.0
7.599999904632568,16.700000762939453,0.0,4.0,4.0,0.5,0.0,0.0,-3.0193610191345215,-6.634648323059082,1.0,0.0,0.0,0.0,7.0,6.0,0.0,0.0
11.600000381469727,-17.899999618530273,0.0,2.0,5.0,-0.5,-11.75,0.0,0.11006437242031097,-0.16984069347381592,1.0,2.0,20.0,20.0,0.0,1.0,19.0,3.0
11.399999618530273,-21.299999237060547,0.0,4.0,6.0,20.5,0.0,0.0,3.274771213531494,-6.11865234375,1.0,0.0,0.0,0.0,7.0,6.0,0.0,0.0
11.600000381469727,-25.299999237060547,0.0,4.0,7.0,6.5,0.0,0.0,2.9861302375793457,-6.512853622436523,1.0,0.0,0.0,0.0,7.0,6.0,0.0,0.0
38.400001525878906,-0.10000000149011612,0.0,3.0,8.0,-4.5,0.25,0.5,0.13066107034683228,-0.00034026321372948587,1.0,3.0,19.0,19.0,4.0,3.0,16.0,3.0
5.800000190734863,-0.10000000149011612,0.0,1.0,9.0,5.5,0.25,0.25,0.24388258159160614,-0.004204872064292431,1.0,3.0,21.0,19.0,0.0,1.0,16.0,3.0
12.800000190734863,2.700000047683716,0.0,4.0,10.0,-1.5,0.0,0.0,-1.7374446392059326,-0.36649224162101746,1.0,0.0,0.0,0.0,7.0,6.0,0.0,0.0
38.0,-8.100000381469727,0.0,4.0,11.0,4.5,0.0,0.0,1.4873586893081665,-0.3170422613620758,1.0,0.0,0.0,0.0,7.0,6.0,0.0,0.0
